region,Provincia,ubigeo,Edad_0,Edad_1_año,Edad_2_años,Edad_3_años,Edad_4_años,Edad_5_años,Edad_6_años,Edad_7_años,Edad_8_años,Edad_9_años,Edad_10_años,Edad_11_años,Edad_12_años,Edad_13_años,Edad_14_años,Edad_15_años,Edad_16_años,Edad_17_años,Edad_18_años,Edad_19_años,Edad_20_años,Edad_21_años,Edad_22_años,Edad_23_años,Edad_24_años,Edad_25_años,Edad_26_años,Edad_27_años,Edad_28_años,Edad_29_años,Edad_30_años,Edad_31_años,Edad_32_años,Edad_33_años,Edad_34_años,Edad_35_años,Edad_36_años,Edad_37_años,Edad_38_años,Edad_39_años,Edad_40_años,Edad_41_años,Edad_42_años,Edad_43_años,Edad_44_años,Edad_45_años,Edad_46_años,Edad_47_años,Edad_48_años,Edad_49_años,Edad_50_años,Edad_51_años,Edad_52_años,Edad_53_años,Edad_54_años,Edad_55_años,Edad_56_años,Edad_57_años,Edad_58_años,Edad_59_años,Edad_60_años,Edad_61_años,Edad_62_años,Edad_63_años,Edad_64_años,Edad_65_años,Edad_66_años,Edad_67_años,Edad_68_años,Edad_69_años,Edad_70_años,Edad_71_años,Edad_72_años,Edad_73_años,Edad_74_años,Edad_75_años,Edad_76_años,Edad_77_años,Edad_78_años,Edad_79_años,Edad_80_años,Edad_81_años,Edad_82_años,Edad_83_años,Edad_84_años,Edad_85_años,Edad_86_años,Edad_87_años,Edad_88_años,Edad_89_años,Edad_90_años,Edad_91_años,Edad_92_años,Edad_93_años,Edad_94_años,Edad_95_años,Edad_96_años,Edad_97_años,Edad_98_años,Edad_99_años,Edad_100_años,Edad_101_años,Edad_102_años,Edad_103_años,Edad_104_años,Edad_105_años,Edad_106_años,Edad_107_años,Edad_108_años,Edad_109_años,Edad_110_años,Edad_111_años,Edad_112_años,Edad_113_años,Edad_114_años,Edad_115_años
Amazonas,Chachapoyas,101,890,878,877,912,962,894,958,1001,962,991,950,989,1094,1013,1043,1000,995,1029,941,882,838,943,940,926,1057,995,946,858,841,898,879,864,830,905,834,861,814,754,771,716,725,723,740,667,685,671,666,626,638,641,613,615,607,559,497,460,488,448,440,408,394,377,362,336,327,337,335,293,243,275,267,257,308,266,211,209,191,222,200,191,170,149,149,127,123,110,83,73,53,49,45,23,27,18,17,15,11,4,7,0,2,0,0,1,0,0,1,0,0,0,0,0,0,0,0,0
Amazonas,Bagua,102,1422,1508,1609,1555,1667,1673,1700,1799,1690,1656,1573,1701,1650,1743,1547,1427,1410,1329,1289,1147,1115,1082,1125,1064,1151,1141,1066,1013,1076,1205,1154,1042,1137,1059,1049,1030,910,919,1046,902,957,850,905,893,907,903,856,912,785,794,676,736,743,703,616,616,615,579,524,449,507,477,432,428,402,318,334,312,268,266,256,225,242,210,181,219,176,192,151,135,150,126,120,93,86,71,45,59,34,37,33,28,17,23,8,10,8,9,3,3,2,1,1,0,0,2,0,0,0,0,0,0,0,0,0,0
Amazonas,Bongara,103,367,435,467,491,466,512,494,483,515,492,464,540,502,507,535,488,479,420,375,323,339,344,326,347,395,425,357,349,369,412,418,350,376,364,387,365,376,357,378,348,338,343,360,332,323,329,304,332,319,323,304,276,292,239,252,252,283,227,196,212,197,187,198,151,174,144,158,121,103,85,125,114,109,131,87,94,84,79,90,69,76,62,68,46,49,49,39,34,19,30,29,12,16,8,7,14,2,1,0,1,1,0,0,0,1,0,0,0,0,0,0,0,0,0,0,0
Amazonas,Condorcanqui,104,1177,1321,1384,1392,1419,1367,1467,1488,1512,1363,1272,1425,1133,1170,1001,942,822,880,735,709,588,587,601,614,586,603,601,630,532,625,676,577,564,504,501,499,409,480,621,416,485,366,433,379,387,390,323,386,313,230,206,219,259,263,224,192,162,162,145,111,148,204,180,165,107,118,92,113,65,80,61,39,48,26,21,31,30,36,9,10,7,7,9,3,7,6,4,3,0,3,0,2,1,2,1,1,1,1,0,0,1,0,0,0,0,0,0,0,0,0,0,0,0,0,0,0
Amazonas,Luya,105,779,807,858,888,993,935,939,944,972,983,932,970,1002,1010,904,892,883,739,619,532,490,534,528,528,624,580,589,555,588,619,654,590,609,587,617,601,592,601,591,557,560,487,532,469,453,522,474,530,481,451,464,469,439,387,442,416,400,417,360,337,325,328,281,302,282,270,273,250,203,213,282,195,250,220,182,201,185,221,172,166,169,178,160,127,118,90,77,100,56,54,42,40,33,19,14,16,15,5,7,1,3,1,1,2,0,1,0,0,0,0,0,0,0,0,0,1
Amazonas,Rodríguez de Mendoza,106,518,522,540,644,640,645,600,680,656,653,634,652,679,617,556,591,531,444,383,287,304,328,367,366,412,434,408,399,432,415,405,450,466,442,424,457,415,400,413,390,422,383,373,354,353,355,334,343,359,339,322,345,327,288,335,268,274,281,231,259,247,216,188,198,177,183,172,175,134,161,151,133,116,124,109,123,130,124,131,86,104,92,91,63,64,63,50,56,34,34,33,29,15,7,10,6,8,7,5,1,1,1,1,1,0,0,0,0,0,0,0,0,0,0,0,0
Amazonas,Utcubamba,107,1945,1965,2061,2165,2158,2282,2195,2326,2417,2265,2162,2324,2486,2218,2118,2033,2107,1979,1820,1763,1789,1640,1615,1561,1642,1711,1463,1519,1495,1635,1678,1577,1578,1587,1608,1588,1500,1473,1624,1442,1443,1411,1428,1320,1269,1268,1200,1217,1092,1051,1024,1082,1011,969,898,867,834,776,817,695,732,660,670,616,645,591,581,565,416,466,442,408,403,364,377,337,307,296,256,269,215,209,189,155,178,130,111,87,72,61,58,38,43,27,23,15,15,10,2,4,4,1,0,0,0,1,1,0,0,0,1,0,0,0,0,0
Áncash,Huaraz,201,2694,2701,2922,3007,2899,2815,2774,2871,2813,2777,2768,2874,2867,2654,2576,2740,2739,2860,2995,2927,2911,2873,2858,2839,2898,2881,2585,2490,2655,2827,2640,2540,2550,2479,2621,2646,2427,2399,2319,2319,2420,2276,2198,2186,2061,1973,1878,1931,1684,1699,1665,1722,1685,1447,1414,1321,1403,1369,1312,1076,1170,1079,1138,1159,1081,967,901,1016,817,842,811,742,744,664,642,613,549,603,482,490,460,432,380,395,363,289,263,231,131,140,145,95,82,78,50,51,23,17,21,11,10,5,3,0,0,0,0,0,0,1,0,0,0,0,0,0
Áncash,Aija,202,105,83,89,101,100,86,104,127,126,122,119,154,150,132,124,120,133,92,84,55,66,64,63,63,64,67,73,66,96,80,94,67,93,86,89,73,80,72,66,67,88,98,71,76,73,79,74,65,74,79,72,74,73,63,51,51,89,79,63,52,66,52,56,64,51,45,33,44,36,31,52,44,41,32,41,34,45,49,39,43,31,34,25,27,20,26,23,18,13,12,11,11,11,3,1,5,5,2,0,0,1,0,0,0,0,0,0,0,0,0,0,0,0,0,0,0
Áncash,Antonio Raymondi,203,226,253,248,323,335,267,272,326,330,326,370,366,376,346,308,358,309,227,172,150,142,108,107,129,141,132,121,109,135,148,151,163,156,173,172,174,153,160,167,160,169,152,148,150,148,144,133,145,150,136,128,170,131,132,127,123,115,127,131,101,84,98,107,101,93,93,80,82,88,84,84,68,81,93,74,95,58,82,39,73,53,62,64,44,38,40,25,30,16,18,7,13,11,6,4,4,2,3,0,3,1,0,0,0,0,0,0,0,0,0,0,0,0,0,0,0
Áncash,Asunción,204,117,106,109,129,130,110,137,122,162,151,154,162,181,160,141,156,173,118,113,86,95,85,71,56,71,59,67,78,79,88,94,87,86,102,79,87,97,76,89,103,112,87,85,109,84,98,83,98,96,82,71,79,90,73,70,67,66,72,68,59,48,62,56,63,59,58,56,67,63,65,66,52,58,49,49,44,54,61,36,51,23,31,28,33,31,20,13,19,10,11,8,3,2,4,2,3,1,4,0,0,0,0,0,0,0,0,0,0,0,0,0,0,0,0,0,0
Áncash,Bolognesi,205,305,385,351,379,372,382,436,442,440,447,463,438,476,461,408,453,439,391,342,327,280,302,314,322,339,350,315,308,350,324,358,356,314,311,351,344,315,333,330,314,340,305,323,283,299,242,267,292,273,268,291,249,276,246,241,240,212,221,216,184,203,182,195,183,176,180,154,164,152,150,158,151,155,131,115,136,109,132,109,95,87,95,99,81,71,84,55,44,45,41,29,19,22,14,9,13,3,9,3,6,1,0,1,0,0,0,1,0,0,0,0,0,0,0,0,0
Áncash,Carhuaz,206,667,764,743,860,838,689,741,838,865,863,803,862,915,801,789,730,749,809,770,710,745,730,680,747,753,756,680,677,684,677,618,701,651,602,679,635,614,589,610,569,644,533,605,480,564,556,587,561,487,469,484,471,480,419,415,370,391,425,339,297,354,314,328,312,280,283,275,301,281,268,267,217,257,230,248,198,203,196,173,151,153,152,135,116,113,123,84,86,67,57,44,41,28,16,13,14,11,6,2,2,3,2,0,0,0,0,0,0,0,0,0,0,0,0,0,0
Áncash,Carlos Fermín Fitzcarrald,207,287,293,306,362,353,296,330,362,430,394,410,490,408,381,368,428,405,305,258,195,168,192,190,174,167,185,195,181,211,206,222,199,196,214,225,229,231,208,208,223,223,213,209,228,180,180,175,209,168,158,135,177,182,137,146,141,146,166,125,132,119,144,143,128,117,136,124,153,148,150,132,120,141,143,122,140,138,131,107,69,90,89,81,60,55,65,45,24,19,16,11,7,12,7,3,6,2,1,2,0,1,0,0,0,0,0,0,0,0,0,0,0,0,0,0,1
Áncash,Casma,208,882,890,942,982,1011,1008,965,1031,1014,1018,933,913,971,918,857,848,825,753,643,736,803,826,847,810,853,841,789,760,792,858,816,698,745,783,783,781,748,699,672,685,706,702,675,620,611,642,668,592,550,560,541,528,496,537,506,444,465,439,423,427,394,336,397,333,308,282,290,293,250,242,256,216,230,225,206,183,168,183,157,150,130,125,109,113,90,71,62,63,58,43,38,23,38,20,10,12,7,3,4,5,0,1,1,1,0,0,1,0,0,0,1,0,0,0,0,0
Áncash,Corongo,209,93,114,145,144,137,130,133,138,144,150,122,152,154,166,149,111,130,114,86,74,79,74,97,83,95,87,103,87,91,112,106,84,87,105,97,116,85,103,79,93,90,92,91,93,105,85,87,77,68,86,79,82,104,76,68,86,64,79,81,68,68,64,63,81,67,56,78,66,46,51,59,39,59,48,50,46,60,59,44,38,41,34,30,35,19,19,22,18,5,8,12,7,8,8,4,3,2,2,1,0,1,0,0,1,0,0,0,0,0,0,0,0,0,0,0,0
Áncash,Huari,210,894,923,1043,1082,1150,943,1063,1223,1205,1214,1099,1360,1207,1114,1148,1113,1067,887,872,704,683,741,749,771,782,892,887,850,888,997,965,942,916,881,890,888,946,831,788,852,750,754,760,677,684,665,644,692,626,596,558,628,610,551,492,508,499,537,455,431,397,354,407,421,341,321,311,350,291,368,328,286,299,345,271,320,272,337,288,236,227,177,188,175,182,124,89,112,60,62,45,46,34,25,9,19,8,10,3,3,2,2,0,0,1,0,0,1,0,0,0,0,0,0,0,0
Áncash,Huarmey,211,485,522,569,575,545,585,572,530,572,521,493,568,633,515,445,498,423,406,448,460,455,487,577,532,446,492,455,487,460,503,525,469,449,447,466,425,391,457,402,396,422,431,397,399,399,387,459,368,387,390,347,326,337,288,307,285,267,276,248,242,232,199,237,208,212,205,176,167,146,180,147,135,152,143,129,125,107,108,105,101,85,82,79,77,68,45,44,41,41,30,19,24,20,12,5,5,9,9,0,1,0,1,1,0,0,0,0,0,0,0,0,0,0,0,0,0
Áncash,Huaylas,212,905,918,921,927,1014,885,913,961,1041,1074,1047,1136,1174,1148,1111,1004,1000,959,810,789,760,753,752,722,710,735,716,690,666,689,690,738,646,679,719,668,649,733,624,634,631,639,694,639,625,651,537,608,562,533,539,520,573,468,445,428,464,426,412,373,358,368,322,343,315,355,290,330,277,291,282,284,278,211,200,198,178,215,167,176,174,169,128,156,130,131,63,112,60,58,51,49,37,29,19,20,15,8,4,1,1,1,2,0,0,1,0,0,0,0,0,0,0,0,0,0
Áncash,Mariscal Luzuriaga,213,314,347,345,410,412,360,435,447,490,483,514,591,532,480,470,443,492,417,307,265,221,256,175,201,218,232,221,232,247,264,267,239,265,265,273,255,252,254,224,258,264,257,235,233,211,189,185,197,224,221,183,233,236,182,151,192,170,197,158,146,127,131,127,136,113,113,114,140,111,158,118,107,128,125,122,109,89,108,89,89,66,62,67,40,51,43,31,36,19,17,10,11,17,5,2,4,1,4,1,3,0,1,1,0,0,1,0,0,0,0,0,0,0,0,0,0
Áncash,Ocros,214,104,112,118,116,94,119,114,109,118,118,124,142,124,115,102,112,90,75,65,82,95,70,103,86,88,88,93,84,101,98,91,97,93,84,99,97,98,105,88,92,89,98,92,84,84,75,87,87,67,70,81,84,75,70,72,78,83,92,69,71,62,77,61,82,63,64,57,59,66,36,58,53,52,64,46,57,34,44,44,43,48,34,35,30,29,19,21,20,14,14,9,8,10,4,4,3,0,2,1,0,0,0,1,0,0,0,0,0,0,0,0,0,0,0,0,0
Áncash,Pallasca,215,377,435,454,527,508,505,511,553,571,522,564,586,587,534,497,486,542,317,285,224,265,256,263,267,293,270,247,260,289,266,286,320,306,304,281,286,262,249,279,267,262,274,296,259,286,251,284,247,245,219,246,252,276,248,244,205,210,234,208,189,206,166,183,140,141,170,167,163,129,136,158,129,123,126,105,117,100,123,111,107,94,79,79,70,57,53,44,45,28,26,12,17,12,6,9,8,6,5,4,0,0,1,0,0,0,0,0,0,0,0,0,0,0,0,0,0
Áncash,Pomabamba,216,395,386,460,461,517,447,517,513,638,603,604,654,701,593,588,586,576,498,387,336,279,281,263,216,290,268,265,282,252,301,329,329,302,304,331,293,350,288,276,301,291,299,309,269,281,246,241,282,292,306,288,277,246,258,210,239,211,215,206,194,168,171,144,187,155,148,151,153,138,168,162,151,139,133,101,107,94,124,101,105,87,72,83,57,54,53,31,33,21,30,12,11,8,6,3,6,2,2,1,0,0,2,0,0,0,0,0,0,0,0,0,0,0,0,0,0
Áncash,Recuay,217,253,273,261,276,267,269,279,306,341,330,285,305,323,304,280,281,278,272,245,233,246,233,215,209,231,216,205,217,250,233,244,207,239,226,226,213,198,217,228,247,208,207,195,222,163,204,197,211,175,147,187,176,188,165,176,161,158,168,157,155,153,143,160,178,154,146,146,151,112,151,141,115,130,132,128,101,107,125,98,104,98,83,79,70,74,58,45,39,34,29,23,16,26,17,11,10,4,6,4,0,0,1,1,1,0,0,0,0,0,0,0,0,0,0,0,0
Áncash,Santa,218,6575,6742,7219,7638,7831,7527,7492,7757,7792,7779,7159,7345,7514,7000,6464,6673,6505,6845,7271,7101,7623,7319,7335,7360,7431,7189,6508,6305,6540,6793,6609,6080,6185,5952,6444,6519,6079,6275,6043,5957,6084,6104,5964,5931,5421,5643,5804,5433,5388,5403,5147,4928,5051,4685,4501,4246,4120,4175,3977,3666,3531,3180,3252,3190,3043,2879,2648,2748,2373,2488,2496,2122,2268,2066,1913,1966,1608,1691,1499,1345,1223,1157,1065,900,837,729,568,557,367,343,302,187,217,130,125,102,76,64,36,18,20,15,6,6,2,0,0,2,0,0,1,0,0,0,0,0
Áncash,Sihuas,219,473,501,511,541,551,513,563,561,583,591,607,712,756,687,643,631,563,456,360,277,332,339,282,282,337,283,314,309,312,339,347,331,331,327,351,366,285,291,287,306,344,305,303,271,296,266,283,317,301,321,302,316,329,280,221,261,262,260,269,241,208,195,169,174,171,155,183,198,149,145,106,149,145,141,132,122,126,131,127,100,96,94,98,69,75,55,64,50,37,32,24,14,15,9,9,4,7,2,5,2,2,0,1,0,0,1,1,0,0,0,0,0,0,0,0,0
Áncash,Yungay,220,783,853,902,917,960,858,969,981,1066,1014,968,1072,1080,1005,1066,987,1066,978,803,845,809,727,749,765,760,702,755,661,679,696,758,710,664,727,768,638,698,669,651,649,685,658,656,657,631,667,598,609,487,511,515,515,499,456,426,436,413,464,370,341,326,313,356,332,333,336,284,336,295,299,298,257,273,280,223,243,221,230,198,194,181,143,118,133,126,109,86,79,38,47,29,27,19,27,11,9,7,7,4,4,3,3,2,0,0,0,0,0,0,0,0,0,0,0,0,0
Apurímac,Abancay,301,1860,1844,1921,1852,1952,1844,1885,1914,2004,2072,1976,2062,2293,2204,1996,1818,1963,1957,2040,1908,2008,2180,2192,2129,2185,2100,1971,1805,1991,1959,1855,1752,1652,1709,1666,1715,1557,1514,1443,1366,1500,1385,1310,1352,1293,1304,1237,1191,1090,1160,1127,1097,1085,972,864,880,833,886,866,729,659,642,688,649,611,584,562,555,487,451,526,464,454,438,415,483,361,352,315,266,277,238,266,200,205,188,135,156,124,85,73,68,47,48,35,36,23,23,18,16,3,4,9,3,0,1,0,0,0,0,1,1,0,0,0,0
Apurímac,Andahuaylas,302,2376,2509,2596,2776,2810,2546,2684,2744,2849,2941,2957,3123,3368,3059,3021,2805,2703,2698,2464,2200,2240,2261,2412,2432,2275,2348,2076,2004,2007,2198,2097,1989,1970,1785,1935,1978,1860,1848,1825,1681,1934,1814,1711,1625,1711,1599,1554,1692,1480,1589,1621,1553,1405,1198,1115,1220,1143,1221,1069,930,919,873,840,878,871,821,785,774,709,603,726,628,633,588,598,591,567,575,472,381,366,321,313,283,271,267,194,200,136,141,89,86,71,62,46,46,36,26,21,7,8,4,2,4,1,6,0,2,0,2,0,0,0,0,0,0
Apurímac,Antabamba,303,154,151,165,163,194,155,164,193,260,239,257,297,275,259,221,218,167,130,120,101,95,134,127,117,129,125,136,151,138,151,134,165,143,132,180,152,147,164,156,149,175,153,149,150,149,144,114,160,143,140,140,159,131,127,102,100,99,133,129,100,92,84,81,89,79,78,71,85,68,66,79,76,104,92,92,62,56,73,71,57,52,49,36,29,31,29,22,18,12,13,21,7,9,4,5,2,2,5,2,0,0,0,1,1,0,0,0,0,0,0,0,0,0,0,0,0
Apurímac,Aymaraes,304,313,361,351,403,392,348,351,365,439,420,450,466,534,530,520,557,424,311,305,257,262,261,292,252,309,265,303,291,305,298,250,276,283,257,281,320,318,313,290,292,325,308,292,314,306,296,288,269,252,272,273,330,316,281,258,234,268,287,257,223,212,197,218,223,220,214,215,200,198,199,207,204,225,203,171,152,142,199,146,140,118,115,109,104,78,70,63,75,35,39,31,21,28,14,12,11,11,3,9,3,4,0,1,0,1,1,0,1,0,0,0,0,1,0,0,0
Apurímac,Cotabambas,305,882,905,944,987,940,896,928,981,975,1095,1185,1167,1222,1261,1022,902,946,875,840,721,663,724,752,785,748,851,769,803,842,922,833,800,778,743,766,800,726,749,690,721,699,633,747,605,583,538,546,607,459,511,494,504,515,431,408,460,380,437,360,296,289,278,335,289,264,276,276,276,186,167,228,211,253,213,170,176,129,184,141,105,112,92,145,89,64,79,47,71,39,38,26,13,12,5,8,5,5,5,1,2,0,0,0,0,0,0,0,0,0,0,0,0,0,0,0,0
Apurímac,Chincheros,306,782,837,880,939,827,858,893,952,1059,948,974,1111,1133,1028,1054,938,953,790,655,504,575,567,553,572,583,594,527,521,541,538,582,531,542,530,547,606,563,546,565,534,535,596,528,493,505,523,534,518,483,512,522,579,516,424,357,404,421,419,375,319,317,262,308,316,291,295,329,296,248,241,253,268,271,212,223,262,226,254,218,170,146,151,142,107,96,108,82,79,48,49,34,36,23,25,8,12,9,19,4,1,4,1,3,1,1,1,0,1,0,1,0,0,0,0,0,0
Apurímac,Grau,307,306,285,359,280,381,334,381,426,416,470,491,531,586,514,449,405,353,350,339,275,231,253,249,275,243,236,233,272,247,284,264,231,248,213,255,296,203,249,256,236,278,264,287,262,244,246,232,253,193,234,219,258,255,218,217,227,201,225,232,177,133,196,234,188,154,167,155,172,143,127,147,133,148,147,139,147,90,114,94,91,74,71,114,85,47,55,40,57,32,25,15,14,20,12,8,9,6,4,2,1,1,1,1,1,0,0,0,1,0,0,0,0,0,0,0,0
Arequipa,Arequipa,401,15106,16459,17163,17651,17959,16880,16646,17319,17835,16746,15901,16275,16088,16166,15741,15756,15739,17945,19372,19419,20054,20397,20344,19551,19987,19832,18663,17702,18399,19676,18857,17009,16992,16212,17305,17307,16733,16334,15880,15426,16009,15383,15471,15028,14268,13889,13498,13391,12405,12503,11727,11713,11556,10963,10677,9931,9646,9930,9534,8659,7987,7924,8071,7736,7405,6822,6170,6204,5754,5537,5494,4887,4870,4293,4006,3834,3213,3515,3211,2999,2720,2704,2520,2327,2076,1871,1524,1564,1220,1111,867,719,559,485,384,290,254,182,109,63,60,33,25,12,5,8,1,0,1,1,0,1,0,0,0,0
Arequipa,Camaná,402,888,943,1045,1109,1092,972,1021,1048,1081,1002,1012,1000,971,983,916,913,908,815,813,765,864,898,1016,1008,973,996,932,915,932,1092,1033,959,953,933,966,972,900,938,835,802,878,847,824,803,795,766,820,735,736,686,707,681,687,642,622,605,586,624,574,506,534,475,466,474,437,368,339,359,297,304,270,241,224,199,176,200,173,154,156,124,144,103,113,122,84,79,68,75,59,39,45,29,25,23,16,12,10,3,2,1,2,4,1,1,0,1,0,0,1,0,0,0,0,0,0,0
Arequipa,Caravelí,403,626,666,777,738,745,733,718,797,798,759,682,747,735,660,583,586,520,435,468,434,518,606,658,700,757,734,699,769,757,827,856,811,774,711,723,779,648,670,621,609,659,599,618,595,606,559,522,528,518,496,461,457,453,432,393,407,348,360,356,284,264,227,262,262,266,215,205,189,192,185,171,138,142,143,121,127,114,109,100,91,97,86,78,81,67,46,34,57,25,33,29,20,17,18,14,10,6,6,5,3,1,0,2,0,0,2,0,1,0,0,0,0,0,0,0,0
Arequipa,Castilla,404,429,522,576,587,607,555,613,603,690,630,632,676,680,626,537,530,501,406,321,316,319,316,351,400,373,388,444,455,468,541,570,524,562,501,519,540,505,551,471,491,545,462,494,471,426,423,461,484,418,413,366,395,442,378,388,364,344,379,335,327,323,296,324,281,252,238,222,197,206,203,188,188,188,171,164,172,128,150,111,107,110,87,125,80,86,61,46,68,38,32,34,30,22,11,14,13,5,6,1,6,1,2,1,0,0,0,0,0,0,0,0,0,0,0,0,0
Arequipa,Caylloma,405,1409,1532,1579,1662,1684,1539,1637,1681,1664,1571,1527,1541,1626,1627,1473,1439,1450,1369,1437,1391,1366,1391,1391,1367,1372,1457,1341,1279,1437,1448,1501,1407,1336,1307,1351,1501,1330,1322,1347,1170,1226,1176,1171,1132,1119,1106,1055,1007,960,959,897,977,917,884,800,768,720,782,716,665,607,538,614,593,565,464,482,434,450,396,384,339,343,330,312,316,246,279,209,206,184,170,162,139,113,114,114,98,50,51,43,27,29,19,8,7,12,10,3,3,2,2,5,2,0,1,0,0,0,0,0,0,0,0,0,0
Arequipa,Condesuyos,406,212,208,252,265,260,262,249,257,288,239,242,281,262,269,236,237,205,169,173,142,171,171,233,223,240,212,256,232,291,274,337,291,276,276,275,290,292,288,268,251,279,247,233,238,240,221,221,207,202,195,186,193,214,192,176,172,126,137,151,119,128,114,132,142,114,113,87,103,89,85,65,65,85,71,72,90,61,81,63,69,73,50,51,40,42,43,21,31,28,15,15,18,19,5,11,3,6,6,5,0,0,2,1,0,0,0,0,0,0,0,0,0,0,0,0,0
Arequipa,Islay,407,620,770,784,856,842,795,764,839,827,738,773,806,841,802,783,809,748,719,764,702,744,709,734,736,778,798,751,650,804,813,760,733,770,778,750,786,749,762,747,758,810,744,746,802,716,701,666,668,635,706,649,575,642,649,645,591,543,566,541,503,504,452,507,494,438,429,381,390,344,358,320,311,313,263,243,242,218,232,191,174,183,156,167,139,145,118,91,109,65,61,45,23,29,30,18,20,12,13,7,2,2,2,1,0,0,1,1,0,0,0,0,0,0,0,0,0
Arequipa,La Unión,408,185,196,245,277,245,258,248,292,257,267,252,271,283,302,248,240,218,159,149,126,100,100,114,102,125,112,123,142,143,164,155,154,134,176,127,170,161,171,186,145,169,174,183,145,176,167,180,174,146,143,152,157,146,140,150,161,150,136,100,118,104,123,138,104,113,98,92,83,74,91,112,82,80,80,65,90,58,94,60,47,60,44,64,45,41,42,26,29,23,16,6,16,6,7,7,7,6,3,0,0,0,2,0,0,0,0,0,0,0,0,0,0,0,0,0,0
Ayacucho,Huamanga,501,4964,4937,5107,5101,5236,4776,5139,5287,5145,5373,5237,5532,5681,6063,5583,5574,5731,5762,5874,5481,5500,5717,5961,5818,5332,5497,4687,4621,4712,4993,4748,4412,4349,4149,4163,4269,4025,4020,3904,3767,3769,3467,3483,3414,3265,3017,2953,2921,2631,2704,2800,2801,2384,2227,1958,1996,1949,2044,1823,1518,1443,1502,1455,1487,1426,1440,1321,1356,1164,1161,1092,1008,993,929,846,831,711,797,671,600,533,524,487,490,442,355,311,330,214,178,168,114,95,97,65,55,48,31,22,16,11,4,4,7,1,2,0,4,0,1,0,0,1,0,0,0
Ayacucho,Cangallo,502,470,498,499,575,588,499,547,611,586,639,606,735,635,638,671,564,636,548,537,405,411,372,416,375,346,449,316,338,401,399,375,354,377,391,406,411,364,401,366,388,398,382,433,373,340,327,368,359,297,322,380,367,309,266,240,241,299,272,269,185,212,203,226,228,236,206,225,231,196,198,223,202,171,225,173,178,135,161,137,138,112,102,125,105,83,77,90,50,36,34,26,28,21,20,9,7,10,7,10,1,8,2,3,1,0,1,0,1,0,0,0,0,0,0,0,0
Ayacucho,Huanca Sancos,503,104,106,115,116,128,146,151,149,179,190,173,211,211,197,182,155,141,127,118,75,109,93,59,104,71,83,78,85,77,91,120,87,96,110,109,101,107,114,105,103,113,102,89,111,119,95,114,131,88,124,95,128,116,87,91,100,95,94,100,66,61,77,74,91,79,65,67,68,54,65,63,65,63,48,42,54,25,41,41,47,37,38,35,22,19,27,16,23,13,10,10,7,10,7,3,3,1,1,0,0,0,0,2,1,0,0,0,0,0,0,0,0,0,0,0,0
Ayacucho,Huanta,504,1654,1675,1782,1694,1796,1732,1783,1813,1843,1858,1918,2078,2185,1947,2094,1979,1984,1794,1798,1630,1615,1707,1664,1592,1413,1452,1168,1283,1301,1383,1372,1269,1341,1199,1123,1211,1185,1205,1253,1147,1114,1064,1054,977,988,893,909,873,696,779,851,942,844,759,655,687,670,734,633,530,542,576,541,538,459,485,431,461,415,345,357,320,340,299,235,266,243,281,204,214,167,157,140,133,114,110,94,102,66,53,42,28,35,22,23,20,8,10,6,3,3,0,1,2,1,0,1,1,0,0,0,0,0,0,0,0
Ayacucho,La Mar,505,1264,1296,1358,1397,1478,1384,1462,1420,1458,1428,1532,1745,1595,1674,1608,1478,1542,1450,1368,1177,1181,1159,1169,1130,1143,1080,916,968,973,1079,1053,1037,973,872,857,915,835,1011,1000,930,926,897,951,900,833,822,757,788,694,688,764,847,787,648,561,589,563,553,489,455,438,439,383,422,404,308,328,349,298,255,251,254,274,204,182,245,181,220,168,160,183,107,104,96,87,92,52,60,34,42,29,15,10,15,9,7,5,11,7,5,2,2,2,3,2,1,1,0,0,0,0,0,0,0,0,0
Ayacucho,Lucanas,506,662,759,826,825,869,872,924,959,951,1001,912,1037,961,935,936,911,847,627,620,558,591,646,636,610,629,690,608,643,712,758,719,691,716,648,704,741,690,668,644,632,671,663,660,582,621,548,583,613,596,601,577,651,568,541,530,503,524,555,520,447,401,465,485,447,443,398,408,418,371,384,427,354,360,357,282,335,252,328,283,242,248,222,207,208,168,153,123,130,93,86,70,65,42,47,21,22,17,12,10,6,5,4,2,1,0,1,0,1,1,0,0,0,0,0,1,0
Ayacucho,Parinacochas,507,372,404,430,487,503,492,553,578,565,554,574,586,613,591,575,534,535,446,377,321,342,385,390,375,387,395,353,413,430,488,476,456,436,392,428,377,362,349,366,325,369,373,315,318,316,329,294,305,276,303,264,324,290,252,249,249,262,253,232,196,217,218,210,202,206,167,135,151,137,134,143,147,160,164,130,131,111,130,101,109,80,77,96,78,85,58,54,56,37,26,26,15,25,9,5,12,8,7,7,3,0,2,0,3,0,1,1,1,0,0,0,0,0,0,0,0
Ayacucho,Páucar del Sara Sara,508,120,140,168,137,146,170,151,168,183,176,172,200,186,183,182,177,162,103,101,82,77,82,87,104,97,113,105,140,131,150,136,128,159,147,141,146,141,147,135,122,138,126,130,129,103,119,111,92,101,105,104,118,117,109,100,118,83,97,111,95,88,81,90,92,62,74,67,82,58,75,58,47,82,66,66,66,53,57,48,58,48,40,47,43,32,39,33,28,22,18,21,10,16,9,5,9,6,9,2,0,1,0,0,0,0,0,0,0,0,0,0,0,0,0,0,0
Ayacucho,Sucre,509,103,122,141,156,169,149,157,172,175,180,168,199,233,196,208,207,201,135,120,116,99,74,94,78,88,85,81,83,94,102,125,115,101,94,111,117,96,133,137,119,134,123,132,104,110,128,119,128,108,108,115,130,108,108,105,112,101,107,94,78,80,76,105,80,71,67,75,88,70,85,88,76,74,70,62,70,56,69,55,53,44,50,45,47,41,29,21,26,20,18,9,3,12,6,3,3,4,3,2,2,1,0,1,0,0,0,0,0,0,0,0,0,0,0,0,0
Ayacucho,Víctor Fajardo,510,230,261,308,311,336,288,362,355,372,367,388,373,338,357,332,361,337,337,283,255,226,221,220,215,197,218,226,223,231,247,231,229,268,263,253,253,228,287,237,241,292,275,283,257,218,254,253,236,230,264,242,249,234,202,195,207,230,201,208,151,155,198,173,200,178,172,153,167,200,160,190,167,166,155,170,148,149,150,134,145,112,109,106,98,65,61,60,51,28,24,23,17,15,20,6,7,7,10,4,6,4,0,0,0,0,0,0,0,0,0,0,0,0,0,0,0
Ayacucho,Vilcas Huamán,511,200,266,259,262,290,225,304,259,317,292,280,331,425,401,355,312,359,284,251,201,179,180,206,150,157,172,141,177,175,200,171,194,217,208,200,244,190,194,195,217,209,227,252,209,212,212,209,240,178,183,183,221,197,182,146,163,222,181,167,113,109,131,129,143,144,144,158,151,149,123,142,125,123,139,134,144,104,129,115,84,87,76,78,75,52,60,40,47,22,27,25,19,23,13,13,6,8,5,6,3,2,1,4,1,1,0,1,0,0,0,0,0,0,0,0,0
Cajamarca,Cajamarca,601,6090,6356,6656,7015,6930,6616,6546,6887,7003,6977,6385,6632,6352,6368,6080,5745,5499,5901,6015,5806,6097,6352,6332,6313,6521,6410,5899,5750,6158,6216,6224,5643,5825,5446,5907,5754,5087,5057,4880,4821,4707,4735,4350,4309,4070,4002,3787,3822,3482,3166,3243,3235,3168,2954,2882,2803,2603,2725,2373,2191,2200,2174,1973,1918,1948,1829,1759,1685,1464,1563,1367,1239,1290,1254,1139,1054,895,950,804,862,764,724,634,543,534,550,369,358,269,269,194,169,142,123,69,57,47,44,22,7,6,6,2,0,3,1,0,0,0,1,1,0,0,0,0,0
Cajamarca,Cajabamba,602,1497,1545,1623,1766,1820,1787,1738,1820,1784,1822,1736,1833,1911,1532,1632,1499,1413,1298,1034,1032,1032,1029,1024,1069,1061,1130,993,1038,1020,1032,1028,1009,1108,1010,1091,1059,941,997,907,921,851,926,838,915,809,830,799,728,735,725,664,702,685,605,612,589,557,616,582,493,528,468,458,452,470,432,405,382,346,370,322,282,307,300,291,285,247,296,243,240,199,228,177,150,167,147,129,108,78,81,51,35,33,21,18,19,16,10,6,0,4,0,2,0,0,0,1,0,0,0,0,1,0,0,0,0
Cajamarca,Celendín,603,1336,1348,1392,1639,1622,1648,1544,1686,1842,1706,1648,1745,1879,1734,1786,1590,1574,1330,1251,1047,1128,1149,1039,994,1105,1014,1034,1029,992,1118,1077,1067,1110,1109,1107,1121,1040,999,1046,1019,1010,956,1011,936,824,933,898,847,780,818,726,793,835,695,732,782,686,648,599,587,613,556,510,436,502,472,487,484,394,431,431,348,413,401,356,335,295,334,272,293,250,262,269,179,172,172,111,125,96,71,53,52,39,43,25,18,17,13,3,2,2,2,1,2,0,0,1,0,0,1,0,0,0,0,0,0
Cajamarca,Chota,604,2207,2208,2452,2563,2670,2554,2605,2873,2962,2851,2814,2860,3076,2907,2832,2831,2713,2564,2089,1880,1929,1854,1848,1667,1787,1761,1886,1636,1718,1878,1885,1925,1977,1907,2057,1987,1899,1998,2064,2037,2021,1882,1917,1878,1798,1839,1736,1819,1594,1665,1579,1598,1661,1405,1382,1383,1280,1269,1242,1120,1141,1030,1090,899,987,954,967,973,729,794,835,719,776,754,741,668,595,596,548,604,572,489,468,372,431,356,259,290,182,184,174,106,117,67,61,45,45,30,10,16,5,11,4,4,3,1,0,2,0,1,0,0,0,0,0,0
Cajamarca,Contumazá,605,400,424,497,472,514,449,504,518,573,496,567,564,499,518,534,489,466,366,391,298,342,297,347,329,353,318,316,374,319,359,366,349,409,400,356,381,310,332,344,367,401,377,353,378,339,326,355,337,269,362,308,318,302,294,303,296,309,332,270,250,275,283,252,234,234,212,177,194,193,182,188,139,185,148,146,148,144,179,143,118,129,105,88,91,78,67,62,71,65,47,37,20,21,15,7,7,8,4,7,0,2,0,0,0,1,0,1,0,0,0,0,0,0,0,0,0
Cajamarca,Cutervo,606,1839,1852,2022,2176,2214,2350,2490,2457,2513,2619,2459,2859,2949,2645,2647,2505,2553,2180,1826,1575,1497,1511,1591,1461,1661,1629,1617,1470,1544,1635,1634,1630,1784,1667,1769,1674,1696,1722,1720,1597,1578,1631,1686,1502,1488,1488,1475,1377,1325,1330,1279,1313,1267,1172,1129,1150,1100,1011,906,866,894,878,855,785,831,790,711,739,556,644,597,506,579,543,506,538,447,445,399,444,365,323,328,260,229,246,154,186,108,120,86,74,88,23,28,27,14,25,13,9,10,3,2,0,2,0,0,1,0,0,0,0,0,0,0,0
Cajamarca,Hualgayoc,607,1091,1110,1244,1342,1250,1324,1289,1421,1547,1557,1454,1523,1555,1428,1398,1289,1379,1211,1104,1030,1051,1127,1060,972,1190,1075,1132,1088,1239,1374,1374,1265,1289,1208,1433,1351,1247,1128,1195,1130,1099,1077,1121,982,1030,959,949,957,827,863,837,849,888,729,695,670,741,661,615,574,572,586,530,483,553,484,519,489,370,429,419,302,382,355,381,358,281,349,309,301,288,205,233,190,176,174,119,121,65,82,57,33,34,32,26,17,15,9,7,7,2,1,1,0,0,1,0,0,0,0,0,0,0,0,0,0
Cajamarca,Jaén,608,3129,3272,3501,3595,3743,3666,3546,3819,3826,3827,3669,3812,3833,3639,3515,3403,3431,3382,3358,3048,3000,2964,3073,3096,3008,3087,2926,2755,2860,2948,3000,2780,2891,2724,2766,2700,2497,2635,2618,2581,2533,2350,2467,2293,2225,2156,2069,2054,1971,1947,1881,1867,1848,1791,1675,1583,1539,1543,1434,1263,1226,1164,1135,1071,1020,1014,945,942,801,770,785,682,719,636,539,643,491,521,456,430,424,373,370,276,270,247,168,208,124,124,101,61,70,43,38,27,37,28,16,9,5,2,2,2,1,3,1,0,0,0,0,0,0,0,0,0
Cajamarca,San Ignacio,609,2508,2653,2737,2955,3267,2991,2987,3073,3197,3190,3059,3179,3219,3001,2872,2811,2785,2554,2230,1902,1850,1844,1895,1867,1858,1855,1871,1789,1900,1874,2024,1857,1924,1913,1826,1828,1769,1855,1914,1691,1693,1610,1569,1424,1359,1354,1331,1364,1238,1162,1160,1217,1163,1049,1035,1001,994,963,866,737,794,753,723,676,652,611,633,536,455,547,503,474,493,408,365,400,339,358,269,262,235,241,252,167,131,109,89,95,74,76,60,35,35,29,12,18,8,17,6,5,4,3,2,0,0,1,1,1,0,0,0,0,0,0,0,0
Cajamarca,San Marcos,610,818,879,902,991,1033,936,923,998,1082,1025,991,999,1103,987,927,827,800,706,695,638,592,590,658,688,651,700,560,628,620,693,680,635,674,641,699,724,616,695,614,635,637,638,601,647,573,608,582,505,534,531,480,519,530,432,478,454,383,480,408,353,391,335,332,330,328,287,340,282,243,273,285,258,244,214,211,222,208,214,201,171,130,136,129,113,116,104,69,71,43,57,31,26,18,22,16,5,8,5,2,3,1,0,2,0,0,0,0,0,1,0,0,0,0,0,0,0
Cajamarca,San Miguel,611,647,654,716,773,737,750,804,789,855,856,839,860,969,929,751,825,742,601,495,451,475,468,468,531,543,566,501,520,577,604,594,614,590,628,632,662,544,665,668,651,653,654,659,616,603,681,614,663,575,607,537,555,604,477,494,489,465,536,433,433,406,417,441,357,415,391,344,339,290,311,333,290,270,262,273,277,231,282,235,232,259,214,155,133,197,142,110,102,69,83,63,57,46,32,28,21,11,14,5,5,3,3,1,0,0,1,0,0,0,0,0,1,0,0,0,0
Cajamarca,San Pablo,612,352,367,367,394,387,353,428,426,503,414,464,493,552,491,393,370,346,303,273,246,285,269,280,235,283,260,274,282,290,300,310,255,300,291,279,311,237,255,293,255,248,305,285,254,243,271,301,251,217,276,209,205,229,196,195,216,203,182,177,161,152,134,171,124,139,136,120,144,110,101,133,105,109,99,117,92,93,84,117,79,74,65,77,74,62,62,44,40,37,22,23,15,21,13,9,6,3,3,1,1,1,0,0,0,0,0,0,0,0,0,0,0,0,0,0,0
Cajamarca,Santa Cruz,613,553,564,597,596,593,614,684,663,713,676,666,734,798,755,754,703,707,546,458,399,432,446,406,434,430,376,437,439,420,463,517,459,514,503,539,576,440,504,500,506,495,527,488,509,475,496,452,468,458,494,435,482,417,368,398,366,402,380,336,294,333,313,340,261,271,304,281,254,194,248,230,216,235,225,218,201,179,215,183,193,202,152,147,122,117,118,89,93,57,55,58,39,47,26,28,20,13,11,4,4,4,3,1,1,2,0,0,1,1,0,0,0,0,0,0,1
Callao,Callao,701,14138,15174,16037,16417,17044,16609,16412,16877,17220,16820,15793,16345,16667,16136,15536,14969,14759,15537,15895,15520,16859,17613,17508,17482,17729,17716,16263,15197,16210,17048,16312,15205,15460,15268,15653,15686,15579,14780,14872,14770,14470,14486,14410,13737,12859,12834,12364,12228,11576,11413,11096,10582,10505,10258,10124,9381,9245,9299,8900,8455,8094,7689,7756,7508,7191,6691,6242,5898,5376,5350,5035,4576,4404,3936,3536,3462,3036,3088,2798,2550,2424,2248,2008,1871,1641,1539,1234,1228,932,881,721,497,462,326,252,178,149,120,75,55,29,25,20,5,5,5,6,2,3,0,0,0,0,0,0,0
Cusco,Cusco,801,6913,7001,7552,7692,7642,7042,7136,7414,7485,7138,6760,7077,7135,7257,7134,7127,7764,8504,8923,8823,8883,8941,8965,8895,8887,8917,8115,7883,7943,8532,7929,7451,7275,7253,7472,7359,7258,7005,6569,6407,6437,6116,6192,6004,5818,5569,5306,5287,4817,4735,4753,4489,4449,4106,3989,3755,3534,3767,3602,3202,2928,2848,2832,2717,2542,2333,2271,2192,1857,1768,1752,1536,1622,1448,1284,1261,1085,1260,1048,921,899,751,726,609,596,572,432,458,331,259,230,190,156,124,100,81,46,50,22,18,16,13,5,3,3,3,2,1,1,0,0,0,1,0,0,0
Cusco,Acomayo,802,316,340,338,360,395,408,404,510,511,487,508,597,609,570,546,584,585,467,447,339,307,285,312,253,256,225,216,249,251,240,200,234,220,269,232,299,277,260,274,257,266,264,263,304,281,292,314,311,264,272,291,277,263,217,211,254,221,194,206,175,157,154,157,176,138,104,159,141,136,154,148,140,137,149,140,127,85,128,103,117,79,74,77,83,66,56,31,34,20,25,12,9,12,6,6,8,6,2,2,2,0,3,0,0,0,0,0,0,0,0,0,0,0,0,0,0
Cusco,Anta,803,912,976,1016,998,1039,971,1028,999,999,886,941,1061,1155,1170,1165,1106,1112,1126,982,891,850,919,916,900,879,872,807,756,766,803,784,719,719,737,756,759,713,612,681,667,668,693,677,676,659,652,655,682,629,642,679,651,638,596,615,599,553,557,509,448,410,391,404,405,382,383,344,337,306,283,331,274,332,284,233,269,233,280,206,170,163,161,161,148,113,116,86,77,54,51,40,38,23,22,12,15,11,13,10,2,2,1,1,1,1,0,0,0,0,1,0,0,0,0,0,0
Cusco,Calca,804,1023,1063,1095,1142,1216,1071,1170,1219,1223,1201,1243,1404,1407,1496,1472,1370,1310,1188,1110,970,987,994,944,881,979,903,891,818,817,878,882,871,908,835,904,944,857,894,848,820,922,788,770,786,821,771,670,761,676,715,702,693,668,653,551,585,551,583,502,457,416,434,420,430,417,386,371,348,289,314,294,242,261,266,210,248,233,215,196,178,147,108,123,113,117,82,89,86,45,41,43,29,10,20,13,12,6,13,6,6,1,1,1,0,0,0,0,1,1,0,0,0,0,0,0,0
Cusco,Canas,805,450,443,517,527,515,477,515,589,601,657,714,814,746,908,867,861,798,764,592,514,484,466,440,422,357,395,311,335,345,341,367,322,354,318,383,383,385,386,367,384,380,369,390,381,395,382,383,441,337,342,386,401,385,396,370,321,332,322,319,326,208,265,298,261,234,196,233,207,188,192,207,210,200,226,179,164,117,169,137,119,113,107,86,61,62,61,45,41,19,17,24,10,13,10,6,5,4,8,8,0,0,0,1,0,1,0,0,0,0,0,0,0,0,0,0,0
Cusco,Canchis,806,1442,1360,1545,1595,1804,1565,1600,1712,1762,1660,1741,1886,1964,2030,2198,1939,2019,1879,1886,1686,1741,1653,1764,1502,1499,1486,1351,1331,1379,1401,1351,1308,1257,1224,1355,1281,1236,1233,1171,1212,1247,1180,1176,1198,1191,1170,1149,1187,1046,1108,1041,1115,1041,970,954,923,755,833,825,775,697,664,726,653,685,536,528,537,502,449,517,424,496,436,465,409,318,360,328,293,255,241,208,190,182,175,117,97,99,72,52,34,49,22,14,13,10,11,5,8,2,0,2,0,0,0,0,1,0,0,0,0,0,0,0,0
Cusco,Chumbivilcas,807,919,961,1079,1136,1224,1051,1279,1329,1456,1432,1462,1699,1600,1723,1749,1479,1538,1344,1102,851,845,788,839,813,709,805,664,780,829,878,862,819,857,840,933,894,863,861,797,774,876,805,778,903,700,708,765,733,632,685,701,854,777,699,706,684,673,677,681,506,450,542,554,567,516,482,488,453,350,322,330,321,375,366,328,316,217,287,214,195,161,179,194,133,116,115,92,93,45,40,14,29,28,18,20,14,7,15,5,4,4,1,0,0,1,0,0,1,0,2,0,0,0,0,0,0
Cusco,Espinar,808,937,966,990,1211,1159,972,1100,1124,1120,1063,1039,1188,1086,1204,1266,1250,1114,1000,893,729,794,883,895,841,776,901,871,810,921,923,938,931,922,873,945,910,871,832,820,743,827,756,788,780,668,672,653,649,599,623,578,635,651,546,514,497,439,497,437,409,402,403,391,391,367,350,328,279,273,234,291,276,242,227,208,208,161,226,176,174,157,133,118,120,79,75,54,58,33,26,20,13,13,14,9,4,3,9,2,2,1,0,1,0,0,1,1,0,0,0,0,0,0,0,0,0
Cusco,La Convención,809,2223,2184,2305,2390,2595,2342,2526,2606,2749,2637,2789,3080,3175,2936,2833,2718,2721,2474,2340,2327,2227,2404,2388,2353,2389,2435,2185,2345,2321,2512,2463,2436,2312,2260,2212,2243,2187,2333,2231,2101,2169,1943,2128,1884,1833,1889,1734,1860,1624,1715,1670,1774,1710,1553,1467,1521,1299,1479,1241,1123,980,1041,1080,935,923,935,810,838,682,576,565,544,559,494,406,506,395,440,370,289,291,254,252,195,152,164,113,124,64,70,46,35,28,24,15,12,11,6,4,4,2,3,0,1,0,1,2,1,1,0,0,1,1,0,0,0
Cusco,Paruro,810,365,332,396,395,430,420,440,451,588,519,535,536,598,621,564,553,498,499,395,333,272,283,339,300,249,266,233,257,268,313,298,249,285,289,272,311,310,307,291,314,281,312,325,336,311,302,319,324,296,307,340,338,349,334,324,287,268,297,254,250,199,198,255,210,226,228,202,201,144,159,169,159,192,177,154,152,128,165,95,95,83,97,106,72,68,57,53,56,35,22,20,14,16,13,8,2,2,1,2,1,2,0,0,1,0,0,0,0,0,0,0,0,0,0,0,0
Cusco,Paucartambo,811,799,868,845,970,981,883,1023,984,1010,977,998,1194,1128,1126,1096,936,918,818,811,654,648,621,630,579,559,510,547,529,466,593,570,531,569,502,511,525,516,511,523,535,573,563,501,497,465,487,465,481,414,395,394,421,424,364,350,354,284,319,338,276,276,248,243,243,253,235,226,235,170,189,192,158,142,140,119,137,119,126,93,93,68,72,81,50,43,36,32,33,22,15,15,9,9,5,0,4,3,2,1,1,2,0,1,2,0,0,0,0,0,1,0,0,0,0,0,1
Cusco,Quispicanchi,812,1461,1655,1725,1805,1995,1856,1930,2051,2142,2020,2013,2144,2079,1989,2012,1825,1832,1760,1652,1378,1488,1449,1403,1335,1301,1318,1265,1204,1199,1270,1268,1178,1155,1066,1199,1164,1154,1067,1109,1048,1101,951,1022,1010,1024,944,897,937,793,848,806,851,782,781,652,673,652,699,628,598,532,495,511,496,469,433,466,406,367,332,341,337,331,332,335,277,266,317,218,199,189,179,168,128,131,91,91,95,51,53,42,26,27,19,17,8,10,13,6,4,2,2,3,1,0,0,1,0,0,0,0,0,0,0,0,0
Cusco,Urubamba,813,946,1032,1049,1172,1165,1062,1003,1101,1094,1011,1016,1082,1199,1214,1105,1115,1091,1055,1039,948,1013,1053,1093,1034,1099,1107,1014,995,1006,1066,1069,973,953,897,883,993,914,825,799,790,847,785,744,794,737,722,693,696,659,644,661,642,588,573,587,578,512,520,465,437,415,374,423,373,333,354,309,348,262,238,251,239,270,264,207,241,182,232,179,152,164,152,121,91,113,104,73,67,44,50,40,20,25,12,13,10,7,12,6,3,2,1,3,1,0,0,0,0,0,0,0,0,0,0,0,0
Huancavelica,Huancavelica,901,1927,1936,2074,2075,2193,2196,2274,2344,2399,2401,2419,2528,2590,2636,2611,2565,2386,2439,2353,2057,2058,2086,2058,1895,1766,1762,1560,1629,1694,1733,1648,1503,1624,1506,1499,1550,1461,1401,1339,1318,1400,1301,1216,1187,1182,1256,1184,1141,1023,1043,1063,1158,1105,898,934,910,891,923,872,757,755,698,774,818,761,706,674,705,605,633,552,537,571,552,484,471,406,443,368,312,321,297,274,250,272,207,138,131,78,61,51,41,50,29,16,15,16,21,9,5,1,1,3,2,0,1,0,1,0,0,0,1,0,0,0,0
Huancavelica,Acobamba,902,631,667,692,776,811,697,659,701,717,708,712,827,1008,951,1010,907,909,822,756,704,640,596,559,545,492,485,475,463,535,548,514,523,497,484,456,502,469,449,423,415,451,495,412,386,442,434,448,422,322,371,444,453,440,352,323,311,347,384,315,262,242,223,269,282,224,216,223,246,208,189,199,181,189,170,184,163,134,145,117,107,86,103,83,82,78,63,33,51,33,29,18,19,11,9,8,9,9,9,3,5,1,1,1,0,0,3,0,0,1,0,0,0,0,0,0,0
Huancavelica,Angaraes,903,843,948,994,997,1083,930,951,1019,1082,1067,1095,1253,1225,1245,1312,1237,1196,1080,1041,855,817,777,752,727,653,649,566,572,611,657,571,652,708,653,597,610,597,603,592,572,572,575,539,528,480,483,502,496,369,361,432,510,475,440,407,381,418,470,401,295,287,269,327,351,309,300,305,307,253,255,251,241,220,240,200,170,163,191,128,112,134,88,74,73,68,74,55,55,35,27,25,25,18,13,6,11,6,6,3,1,3,0,2,0,1,0,1,1,0,0,0,0,0,0,0,0
Huancavelica,Castrovirreyna,904,224,248,240,272,254,240,273,280,300,295,276,271,338,306,294,294,241,214,188,157,169,165,165,154,148,167,135,152,139,174,175,142,180,149,166,155,155,151,170,163,163,181,179,153,167,167,178,169,133,163,165,153,174,145,119,148,124,147,141,104,97,112,114,138,120,105,106,114,96,111,115,108,94,100,70,90,78,91,77,67,72,71,57,58,47,35,44,25,20,28,18,12,12,8,6,4,3,3,2,2,0,0,0,0,0,0,0,0,0,0,0,0,0,0,0,0
Huancavelica,Churcampa,905,564,522,611,617,684,542,603,624,719,688,732,816,841,834,780,780,691,658,532,450,493,433,459,423,431,393,350,329,328,419,405,437,454,457,357,445,339,382,382,396,372,349,417,378,358,369,327,340,327,356,339,388,343,331,255,301,298,323,270,259,237,244,258,246,238,251,209,215,207,210,178,184,168,163,135,121,107,165,106,105,96,92,73,79,67,48,45,57,23,14,20,16,13,11,9,4,7,5,3,2,1,0,0,1,0,1,2,0,0,0,1,1,0,0,0,0
Huancavelica,Huaytará,906,231,278,266,299,303,312,296,320,332,332,302,314,318,315,298,301,280,247,220,179,195,193,190,183,193,206,206,174,201,192,192,224,229,197,212,220,185,188,205,223,223,216,217,186,194,212,195,204,198,198,196,218,183,192,167,219,198,215,179,166,170,177,169,155,159,176,113,158,139,126,117,112,138,118,109,136,106,145,98,97,85,78,112,65,52,69,52,68,28,41,30,25,28,15,16,13,4,10,2,3,3,1,0,1,1,0,0,0,0,0,0,0,0,0,0,0
Huancavelica,Tayacaja,907,1324,1322,1474,1671,1664,1309,1428,1548,1741,1711,1654,1862,1986,1781,1936,1914,1876,1767,1564,1445,1284,1313,1118,1160,1111,1025,1055,920,969,1100,1102,1066,1098,993,1058,1014,963,947,920,991,997,991,997,942,865,873,882,830,772,866,857,917,858,844,737,745,749,808,643,583,563,541,578,597,559,544,548,548,468,446,430,385,436,386,349,350,299,322,235,240,244,202,188,177,131,138,94,122,66,58,53,33,28,19,20,13,10,15,4,4,8,4,3,2,0,2,0,1,0,0,0,0,0,0,0,0
Huánuco,Huánuco,1001,5030,4990,5210,5463,5351,5061,5095,5451,5614,5368,5142,5683,6092,5673,5531,5428,5062,5531,5629,5614,5464,5868,5555,5505,5604,5362,4812,4753,4519,4825,4944,4763,4401,4127,4509,4333,4090,4209,4022,3750,3864,3690,3707,3302,3470,3265,3057,3158,2970,3065,2876,3076,2853,2624,2532,2353,2264,2453,2283,2118,1875,1909,1915,1905,1709,1691,1447,1575,1303,1257,1271,1097,1089,1040,914,1069,767,967,708,707,665,612,534,473,399,364,325,329,243,166,162,99,86,87,47,47,37,33,20,12,8,3,1,6,2,3,2,2,1,0,0,0,0,1,0,0
Huánuco,Ambo,1002,1021,946,1016,983,955,858,992,994,934,941,952,1055,1103,1013,1062,964,914,929,950,898,799,862,783,813,776,815,709,722,660,724,694,683,653,598,621,631,602,662,603,599,645,600,559,530,555,620,551,539,504,533,510,530,477,422,463,447,418,433,438,372,370,366,350,376,348,367,325,335,335,284,274,280,245,290,246,279,202,268,202,189,189,173,172,162,125,116,79,81,48,37,29,22,26,16,8,13,5,7,2,1,1,0,0,0,1,0,0,0,0,0,0,0,1,0,0,0
Huánuco,Dos De Mayo,1003,586,571,655,669,648,636,604,633,719,747,812,895,913,956,838,783,705,657,584,537,438,497,439,437,439,392,383,382,401,420,378,463,416,364,388,407,416,352,397,361,381,365,394,391,406,227,311,390,324,340,301,396,354,333,275,264,285,339,308,259,208,208,263,195,243,222,173,210,180,179,170,171,178,173,139,154,121,163,117,94,101,102,106,74,70,61,39,68,20,24,11,10,13,8,6,6,6,3,2,0,0,3,1,0,1,0,0,1,0,0,0,0,0,0,0,0
Huánuco,Huacaybamba,1004,337,315,282,333,330,324,332,308,371,379,420,477,395,469,513,430,400,374,284,299,255,202,194,184,188,202,182,156,176,190,195,197,173,181,222,184,180,191,178,201,219,192,182,194,206,198,209,194,171,155,156,181,185,155,151,154,146,107,112,86,114,103,98,98,87,82,95,100,108,73,65,89,86,94,77,55,48,90,48,56,27,54,39,43,33,33,10,21,9,16,6,10,6,7,4,2,1,2,2,1,2,0,0,0,0,0,1,0,0,0,0,0,0,0,0,0
Huánuco,Huamalíes,1005,937,910,986,1078,1039,925,1037,1077,1311,1220,1191,1361,1216,1205,1195,1078,1043,951,930,809,697,764,708,656,677,628,606,602,628,678,653,712,599,642,642,654,660,645,628,560,611,614,591,554,568,506,530,556,582,512,557,593,518,507,480,461,476,483,469,404,375,337,364,376,318,365,287,332,312,299,256,303,271,248,266,254,208,218,221,170,152,164,182,123,119,111,80,55,39,29,23,15,12,17,9,5,5,4,1,0,1,0,0,0,1,1,1,0,0,0,0,0,0,0,0,0
Huánuco,Leoncio Prado,1006,2164,2189,2346,2506,2399,2294,2443,2782,2698,2624,2451,2682,3059,2803,2420,2299,2200,2325,2344,2254,2189,2339,2237,2260,2325,2265,1926,2008,1996,2050,1987,2030,1924,1864,1970,2048,1871,1853,1785,1697,1641,1575,1570,1413,1490,1498,1377,1411,1427,1389,1328,1357,1365,1265,1180,1132,1119,1120,1075,924,855,825,788,786,658,610,567,546,494,469,454,414,384,336,320,262,255,283,241,214,211,214,156,147,114,112,91,115,64,50,49,30,20,25,18,8,13,11,9,1,3,1,1,4,1,0,0,0,1,0,0,0,0,1,0,0
Huánuco,Marañón,1007,553,525,521,609,662,640,580,635,727,643,674,671,688,671,639,637,593,545,476,380,364,385,351,351,380,407,331,347,350,416,398,386,350,314,334,358,342,354,330,308,308,311,277,307,294,300,270,275,296,261,230,248,228,215,185,206,222,202,156,163,157,171,117,143,144,140,128,129,102,102,105,109,95,91,94,73,53,57,54,55,58,36,32,38,23,29,28,27,12,6,8,7,4,5,0,2,4,0,2,1,2,0,0,0,0,0,0,0,0,0,0,0,0,0,0,0
Huánuco,Pachitea,1008,1022,936,1065,1165,1106,1008,967,1159,1146,1063,1148,1309,1478,1125,1219,1140,1041,1065,916,924,760,801,687,740,873,746,709,755,676,746,762,763,728,671,659,688,695,652,616,594,577,593,586,496,477,461,373,465,418,425,411,406,388,383,363,352,337,303,323,277,262,283,257,256,246,240,204,224,188,190,183,176,144,149,147,151,113,142,132,111,85,79,72,59,57,53,43,35,26,28,24,15,14,8,7,4,2,4,1,0,3,0,0,0,1,3,1,0,0,0,0,0,0,0,0,0
Huánuco,Puerto Inca,1009,763,720,749,851,871,839,818,850,887,847,795,804,733,734,659,572,531,493,483,454,454,456,504,507,503,545,487,506,508,507,522,532,506,477,501,480,469,438,482,391,428,406,407,377,372,407,284,352,327,274,301,319,322,261,229,231,245,252,185,188,178,159,159,151,136,141,101,119,88,90,81,73,87,57,56,61,55,72,46,26,32,28,24,18,19,22,12,10,6,4,9,4,2,4,6,2,1,1,1,2,0,0,0,0,0,0,0,0,0,0,0,0,0,0,0,0
Huánuco,Lauricocha,1010,277,323,339,347,358,338,342,363,383,426,412,442,406,382,392,385,364,322,334,298,266,283,259,231,229,264,224,259,217,270,281,278,252,265,281,256,284,290,234,272,280,243,227,250,223,174,181,204,202,207,186,217,198,184,171,186,179,210,172,130,121,135,123,155,149,129,110,112,101,90,97,86,115,99,66,83,64,97,64,49,47,62,64,48,33,35,21,27,13,12,13,7,6,5,6,4,3,2,2,0,1,1,0,0,0,0,1,1,0,0,0,0,0,0,0,2
Huánuco,Yarowilca,1011,313,321,307,395,385,334,384,405,446,405,438,497,612,604,569,530,483,417,363,330,248,302,251,225,232,209,184,191,172,213,193,195,178,164,216,199,191,198,194,208,264,251,209,246,224,180,183,204,169,204,187,249,218,173,157,179,167,219,174,158,156,135,168,168,180,166,152,164,138,161,135,135,135,165,107,122,60,137,72,70,82,73,62,44,28,36,28,28,19,14,2,4,11,2,4,5,3,3,2,1,1,1,0,0,1,0,0,1,0,0,0,0,0,0,0,0
Ica,Ica,1101,6184,6560,6929,7364,7027,6863,6780,6867,7046,6883,6475,6478,6675,6231,5847,5721,5683,6254,6961,6779,7197,7214,7366,7241,7164,7054,6490,6313,6653,6928,6700,6067,6258,5739,6075,6290,5760,5394,5111,5020,5278,5307,5126,4899,4834,4815,4586,4479,4361,4311,4206,4096,3992,3890,3726,3605,3435,3441,3349,2897,2836,2764,2840,2617,2488,2355,2099,2224,2077,1941,2052,1687,1625,1439,1426,1372,1094,1335,1176,1076,1075,1007,911,828,730,611,574,553,431,409,316,335,246,184,118,96,91,71,45,31,19,15,12,5,4,4,0,0,1,0,0,0,0,0,0,0
Ica,Chincha,1102,4152,4362,4426,4696,4695,4328,4448,4541,4817,4753,4271,4212,4411,3893,3720,3642,3614,3713,3562,3461,3790,3859,3758,3749,3773,3832,3488,3209,3359,3665,3815,3464,3440,3203,3395,3439,3377,3155,3069,3037,3048,3190,3043,2937,2788,2807,2616,2401,2374,2309,2380,2171,2130,2089,1966,1826,1849,1745,1717,1651,1583,1570,1478,1426,1418,1317,1295,1229,1148,1116,1078,1002,840,840,796,750,686,607,570,601,560,478,489,400,342,299,262,275,192,180,127,132,87,95,49,56,32,31,15,8,13,6,3,1,0,0,0,1,0,0,0,0,0,0,0,0
Ica,Nazca,1103,1030,1160,1263,1220,1336,1312,1215,1294,1310,1229,1127,1169,1180,1098,989,1006,1042,975,1024,926,1038,1055,1132,1187,1189,1269,1113,1173,1158,1288,1249,1117,1097,1007,1119,1148,1057,1049,1010,1020,997,1016,965,1001,934,911,824,890,853,839,777,716,734,742,621,716,612,616,585,528,522,540,483,492,476,433,395,409,316,343,308,305,294,237,230,206,187,188,210,183,152,139,128,100,107,88,66,64,62,43,48,28,26,16,18,18,14,10,9,1,4,0,1,1,0,0,0,0,0,0,0,0,0,0,0,0
Ica,Palpa,1104,190,208,224,252,275,244,222,251,256,239,226,231,260,214,192,206,168,162,183,166,164,163,206,193,208,194,199,188,191,214,205,209,191,182,206,193,196,193,148,149,179,162,178,157,154,144,170,139,143,157,163,153,149,164,141,145,144,144,151,112,112,109,117,125,88,88,83,92,77,69,94,62,81,53,62,79,44,56,56,50,50,62,44,43,32,38,34,27,24,13,9,12,13,6,5,4,4,2,2,0,0,0,0,1,0,0,0,0,0,0,0,0,0,0,0,0
Ica,Pisco,1105,2831,2842,2961,3169,3225,2907,2951,3066,3164,3109,2697,2759,3087,2728,2403,2362,2250,2449,2552,2358,2594,2611,2555,2573,2516,2549,2290,2235,2420,2533,2498,2335,2270,2086,2282,2210,2226,2172,2030,1875,2033,1994,2010,1816,1693,1936,1748,1790,1591,1601,1512,1591,1505,1453,1377,1305,1254,1204,1227,1111,1032,1035,991,949,917,831,794,811,742,722,718,649,583,486,541,483,367,445,410,371,330,285,260,208,207,191,163,132,105,96,94,73,65,43,37,31,24,14,10,7,3,4,2,1,0,1,0,0,0,0,0,0,0,0,0,0
Junín,Huancayo,1201,8458,8783,9145,9152,9176,8698,8991,9494,9998,9860,9214,9949,10239,9699,9715,9683,9707,10333,10902,10405,10600,10298,10499,10068,9831,9832,8683,8504,8652,9330,8978,8228,8384,8089,8240,8286,7664,7761,7233,7113,7361,6982,6955,6542,6375,6588,5931,5913,5679,5751,5614,5796,5406,5143,4751,4584,4566,4905,4478,4038,3835,3729,3756,3703,3446,3409,2991,3119,2957,2716,2706,2415,2365,2169,2035,2062,1656,1904,1617,1481,1349,1163,1105,981,1022,956,747,642,440,397,348,272,235,164,131,105,78,68,34,20,14,10,8,5,5,5,2,0,1,1,3,0,0,1,0,0
Junín,Concepción,1202,859,919,1038,949,1043,945,931,1036,1079,1104,1052,1171,1221,1112,1111,1059,1091,1033,990,923,907,898,853,817,801,809,761,801,717,775,754,700,747,692,733,745,728,659,693,657,703,607,671,624,634,641,605,626,555,610,570,590,609,537,485,471,525,485,490,423,447,456,417,438,400,365,352,352,343,344,361,342,294,278,280,299,224,250,234,207,202,182,153,138,150,119,123,113,76,68,44,45,23,25,22,20,10,7,3,7,2,1,1,0,0,0,0,0,0,0,0,0,0,0,0,0
Junín,Chanchamayo,1203,2527,2629,2895,2929,2959,2819,2904,3026,3183,3274,3004,3030,3114,2927,2974,2946,3053,3016,2818,2606,2443,2367,2342,2360,2329,2424,2256,2323,2395,2574,2560,2429,2337,2354,2301,2429,2210,2333,2140,2069,1992,1956,1890,1776,1706,1789,1608,1806,1592,1650,1638,1609,1625,1446,1386,1356,1390,1296,1264,1073,1017,963,921,902,905,742,703,770,617,626,641,475,498,415,437,379,331,377,329,261,283,215,183,163,154,142,124,99,68,68,48,37,38,19,23,14,12,10,10,2,0,3,3,2,3,0,0,0,0,0,1,0,0,0,0,0
Junín,Jauja,1204,1200,1262,1349,1422,1402,1384,1332,1490,1600,1505,1482,1617,1722,1519,1538,1554,1551,1567,1478,1285,1397,1244,1303,1234,1275,1205,1065,1041,1016,1149,1056,1041,1095,1004,1045,1105,1077,1046,1071,993,979,992,932,913,889,913,878,1001,937,952,886,959,935,881,827,805,818,820,803,754,696,723,696,696,717,661,507,583,566,547,556,494,501,480,488,540,428,423,396,375,319,307,295,281,207,233,182,203,104,109,73,72,65,36,35,26,13,11,9,3,2,1,1,2,0,0,0,0,0,0,0,0,0,0,0,0
Junín,Junín,1205,349,406,412,410,359,396,389,387,430,423,423,437,397,400,437,374,394,382,393,362,367,356,381,338,345,354,311,280,322,341,322,301,310,275,303,302,303,298,289,281,250,272,296,231,263,271,232,285,261,269,258,294,290,240,276,238,228,240,228,225,226,214,188,196,189,188,145,175,121,152,111,136,155,117,134,121,127,114,114,96,104,91,71,65,54,62,48,41,23,17,19,9,5,5,5,3,2,3,0,0,1,0,0,0,0,0,0,0,0,0,0,0,0,0,0,0
Junín,Satipo,1206,4980,4741,5178,5374,5397,4884,4763,5223,5101,5016,5192,4905,4934,4508,4282,4260,3956,4072,3751,3490,3798,3371,3684,3398,3368,3535,2918,3368,3344,3421,3666,3155,3363,2843,2929,3139,2654,2826,2782,2446,2625,2249,2309,2098,2015,2189,1812,1932,1606,1689,1655,1675,1674,1417,1231,1251,1174,1380,1136,1000,953,852,845,845,748,763,608,638,522,500,526,399,432,348,334,349,256,275,219,220,192,137,165,110,113,105,75,88,43,54,32,19,20,15,4,9,7,9,4,5,2,1,4,0,3,1,1,0,0,0,1,0,1,0,0,1
Junín,Tarma,1207,1400,1397,1454,1530,1465,1427,1409,1474,1738,1681,1454,1674,1976,1467,1527,1450,1547,1454,1406,1371,1321,1348,1296,1349,1404,1343,1301,1258,1191,1344,1333,1122,1257,1226,1253,1291,1178,1228,1172,1196,1144,1083,1146,1065,1123,1094,1046,1092,1035,1129,1002,1088,945,985,963,887,883,815,922,729,780,773,734,788,711,671,610,603,570,529,613,505,540,425,469,465,416,413,378,346,323,294,245,210,213,212,186,162,117,95,73,63,34,29,28,27,20,14,6,5,3,1,0,2,0,1,0,0,0,0,0,0,0,0,0,0
Junín,Yauli,1208,480,551,622,636,616,556,547,594,687,605,640,679,735,654,598,588,616,549,579,555,526,585,591,608,667,704,641,702,741,759,793,739,804,782,783,862,791,767,733,654,679,635,684,647,621,607,551,558,488,533,565,477,452,443,414,370,380,413,371,333,278,322,282,237,238,194,178,183,153,145,143,132,155,98,109,114,94,112,97,76,76,79,58,47,51,47,42,32,17,18,11,11,3,8,3,1,3,0,1,2,0,0,0,0,0,0,0,0,0,0,0,0,0,0,0,0
Junín,Chupaca,1209,814,822,930,906,876,848,846,935,932,982,938,991,1040,998,1042,909,900,885,913,859,851,884,945,803,849,860,766,768,796,848,812,745,803,754,778,731,703,762,660,641,692,652,634,640,602,590,587,635,530,585,547,534,596,579,484,472,491,526,425,438,395,415,434,418,367,350,328,349,302,346,309,257,259,272,277,276,228,238,213,221,174,162,115,139,99,128,97,107,64,52,49,28,40,30,20,20,14,10,8,8,2,1,3,0,0,0,0,0,0,0,0,0,0,0,0,0
La Lbertad,Trujillo,1301,15309,15563,16263,17058,17256,16961,17092,16909,17035,16904,15476,15987,16237,15299,14865,14500,14373,16098,17604,16821,18462,19004,18806,18588,18908,17657,16181,15583,16049,16521,15695,14405,14998,14062,14552,14808,13361,13821,13756,13070,13344,13125,12618,12331,11669,11997,11362,11084,10425,10570,10128,10180,10010,9450,9251,8811,8726,8459,8372,7826,7271,7054,7133,6810,6465,6056,5517,5539,5001,5163,4925,4413,4472,4122,3842,3583,2973,3215,2977,2567,2512,2283,2005,1840,1710,1522,1221,1211,898,839,706,548,537,385,270,186,174,161,90,61,36,22,24,15,9,7,4,3,1,0,2,0,0,1,0,0
La Lbertad,Ascope,1302,1742,1864,1984,2039,2155,1981,1939,2028,2080,2107,1919,1982,2017,1878,1804,1849,1664,1756,1839,1651,1920,1806,1730,1716,1706,1648,1507,1464,1530,1615,1519,1485,1570,1520,1555,1632,1470,1527,1557,1474,1432,1483,1433,1382,1460,1519,1461,1316,1319,1375,1487,1402,1466,1343,1392,1314,1366,1334,1197,1136,1159,1023,1018,1028,969,808,807,831,745,685,708,641,595,617,584,501,481,564,485,427,434,426,403,342,313,234,239,196,140,120,99,78,56,52,40,26,22,15,9,4,5,5,3,1,2,0,0,0,0,0,0,0,0,0,0,0
La Lbertad,Bolívar,1303,281,339,334,312,339,369,336,372,381,353,383,403,358,431,353,310,289,234,159,143,145,162,155,158,193,172,157,152,133,176,187,167,199,186,191,192,169,178,174,149,188,186,154,162,169,162,151,181,153,153,120,163,161,131,138,120,119,132,127,99,103,85,87,91,86,78,78,68,72,85,63,68,59,61,52,45,42,34,50,39,46,35,33,28,30,20,10,10,12,12,5,10,4,5,0,2,1,2,0,0,2,0,0,0,1,0,0,0,0,0,0,0,0,0,0,0
La Lbertad,Chepén,1304,1180,1286,1225,1281,1383,1331,1401,1382,1379,1389,1388,1526,1516,1537,1357,1268,1222,1281,1239,1155,1291,1223,1248,1196,1296,1143,1113,1060,1094,1150,1149,1021,1077,996,1127,1135,1034,1062,1056,1064,1055,1078,1091,1081,1023,1012,1020,1008,916,932,871,903,908,820,868,820,830,765,749,692,635,627,610,601,569,541,502,479,364,440,417,395,412,390,352,351,296,281,254,267,213,233,224,181,162,190,119,117,109,75,67,46,59,28,29,23,22,15,9,3,5,0,1,0,0,2,0,0,0,0,0,0,0,0,0,0
La Lbertad,Julcán,1305,548,592,606,642,621,536,588,588,701,656,641,716,752,637,656,568,546,510,419,382,374,400,433,398,396,373,321,371,305,345,345,332,376,328,339,324,249,350,300,363,355,312,320,340,312,350,299,332,286,297,246,284,280,243,243,224,207,218,232,191,155,165,172,188,189,151,180,142,143,166,157,118,139,164,142,111,104,138,116,100,70,92,83,60,45,39,48,31,17,26,20,12,16,7,8,4,4,2,0,0,0,0,0,0,0,1,1,0,0,0,0,0,0,0,0,0
La Lbertad,Otuzco,1306,1435,1460,1594,1593,1608,1544,1612,1747,1763,1795,1732,1649,1774,1616,1556,1410,1316,1326,1147,1027,1144,1047,1122,1012,1060,1050,1040,1028,1057,1117,1119,996,1080,1030,1107,1040,857,991,1025,1010,1045,998,976,882,972,936,933,911,721,823,803,786,773,706,691,657,638,665,616,593,550,529,555,524,552,489,446,407,399,445,392,354,384,390,377,334,291,323,285,268,262,194,235,200,151,159,112,123,83,68,69,31,40,23,15,10,7,7,6,4,4,0,1,1,0,0,0,0,1,0,0,0,1,0,0,0
La Lbertad,Pacasmayo,1307,1590,1702,1789,1782,1892,1818,1898,1870,1969,1998,1826,1884,1928,1897,1762,1629,1502,1504,1542,1441,1638,1588,1555,1532,1599,1476,1386,1293,1399,1531,1439,1359,1399,1302,1509,1455,1343,1401,1462,1435,1333,1332,1353,1363,1253,1361,1269,1275,1152,1337,1202,1188,1169,1084,1110,1052,1039,1006,1012,898,956,878,877,845,802,694,724,710,579,672,624,548,560,438,439,442,401,364,336,363,297,270,286,249,235,204,167,153,116,119,95,72,79,56,38,31,17,21,6,10,6,4,1,0,1,0,0,0,0,0,0,0,0,0,0,0
La Lbertad,Pataz,1308,1427,1596,1658,1549,1696,1550,1756,1801,2021,1904,1941,1846,1817,1730,1660,1477,1439,1267,1081,1022,1031,1161,1167,1158,1294,1311,1179,1191,1243,1272,1277,1157,1096,1164,1204,1092,981,1044,975,986,958,900,871,883,869,859,868,827,740,766,683,700,655,526,522,570,504,558,447,385,400,383,358,343,359,380,301,364,247,266,261,249,265,243,238,257,173,245,185,167,160,155,149,103,80,93,69,87,34,32,37,21,10,15,13,13,6,10,4,1,3,4,1,2,2,2,0,0,0,0,0,0,0,1,0,0
La Lbertad,Sánchez Carrión,1309,3300,3375,3652,3742,3584,3384,3353,3489,3653,3646,3721,3655,3771,3791,3435,3071,2870,2756,2397,2311,2219,2314,2269,2301,2398,2248,2071,1985,2156,2210,2266,2125,1973,1823,2045,1736,1773,1697,1610,1528,1574,1634,1465,1433,1482,1375,1336,1367,1257,1220,1138,1208,1088,1069,958,1007,892,933,858,791,742,740,735,694,682,598,567,529,532,531,525,438,516,481,461,435,343,432,319,288,267,239,241,212,194,198,150,139,65,84,51,33,31,20,21,23,19,14,5,6,4,1,5,1,1,1,2,1,0,0,0,0,1,0,0,0
La Lbertad,Santiago de Chuco,1310,983,978,1158,1001,1055,1013,1141,1139,1163,1242,1207,1246,1280,1183,1175,1061,990,877,747,694,689,712,775,689,726,708,650,728,669,738,686,708,733,678,705,679,570,650,604,598,578,603,611,560,583,567,574,565,505,493,490,478,481,434,386,411,399,400,369,331,297,318,333,308,293,265,216,255,240,265,220,240,235,213,224,206,168,202,207,204,133,139,134,127,124,97,83,76,59,35,25,32,18,15,10,9,9,5,3,1,3,2,0,1,0,0,0,1,0,0,0,0,0,0,0,0
La Lbertad,Gran Chimú,1311,420,454,528,536,522,516,514,551,584,536,605,574,588,517,505,477,423,403,379,365,361,397,386,348,413,345,328,338,339,394,360,360,351,333,357,338,348,308,343,364,343,363,348,342,358,332,324,312,288,287,301,291,262,267,269,255,274,261,261,224,230,233,233,195,209,184,181,179,138,144,137,125,127,150,117,115,103,108,107,84,79,76,82,71,66,60,59,43,33,38,20,24,22,7,6,13,9,7,3,0,0,2,2,0,1,0,0,0,0,0,0,0,0,0,0,0
La Lbertad,Virú,1312,2010,1924,2053,2229,2163,1979,2063,2057,2079,2037,1937,2000,1936,1806,1610,1645,1447,1519,1742,1602,1788,1811,1882,1840,1834,1785,1619,1572,1612,1675,1588,1523,1658,1497,1439,1417,1222,1262,1248,1135,1200,1056,1068,1046,946,956,924,876,760,801,743,807,723,646,659,623,561,630,597,488,485,449,447,408,416,344,364,351,284,316,269,249,236,220,222,205,184,209,155,136,153,131,110,93,83,100,79,51,47,30,29,18,21,19,16,14,6,8,3,2,3,1,0,1,0,1,1,0,0,0,0,0,0,0,0,0
Lambayeque,Chiclayo,1401,11739,12272,12998,13714,13727,13621,13441,13688,13724,13462,12823,13677,14097,13382,12732,12725,12486,13648,15015,13490,14631,14389,13862,13704,13617,13180,12160,11520,12028,12161,11724,10900,11656,10823,11479,11251,10990,11227,11020,11045,10966,10879,10759,10633,10045,10302,9976,9825,9407,9527,9093,9236,8761,8377,8285,8159,7930,7840,7624,6870,6756,6459,6324,6072,6007,5313,4969,5113,4226,4335,4207,3946,3842,3444,3269,3165,2572,2598,2411,2290,2133,2135,1918,1700,1686,1404,1158,1141,882,807,682,514,483,355,268,189,182,139,89,65,40,20,18,13,3,4,1,0,1,3,2,0,0,0,0,0
Lambayeque,Ferreñafe,1402,1786,1875,2047,2102,2174,2061,2125,2231,2236,2208,2103,2139,2155,2056,1911,1811,1812,1687,1674,1399,1551,1416,1451,1437,1343,1346,1323,1182,1213,1219,1264,1125,1295,1199,1249,1204,1163,1215,1249,1276,1229,1212,1120,1170,1161,1090,1109,1108,991,1021,964,981,938,908,919,896,784,886,814,731,799,689,728,681,651,578,586,579,481,528,491,467,491,384,381,339,312,331,263,259,240,245,242,188,184,165,120,136,91,90,80,62,70,29,30,25,19,17,7,5,2,2,1,1,0,0,1,1,0,0,0,0,0,0,0,0
Lambayeque,Lambayeque,1403,6296,6326,6582,6716,6787,6703,6629,6704,6601,6502,5892,5985,6093,6000,5499,5479,5170,5248,5645,4631,5193,5021,5321,5145,5072,4740,4397,4404,4316,4438,4387,3894,4362,4157,3687,3981,3606,3819,3603,3794,3690,3662,3607,3544,3304,3446,2973,3082,2697,2925,2759,2869,2881,2383,2587,2434,2466,2508,2408,2274,2162,1964,1994,1905,1879,1521,1299,1688,1275,1191,1273,1217,1253,1103,997,947,859,811,763,685,778,690,658,579,518,483,399,397,301,267,241,178,150,97,77,58,60,53,33,12,12,4,6,2,2,0,1,2,1,0,1,0,0,0,0,0
Lima,Lima,1501,112269,119482,125663,129231,131456,126656,126673,130293,131864,130191,122510,127926,132162,127346,123732,120373,122373,134884,145384,141037,152300,156161,156358,155271,159227,160307,147963,143467,150377,155757,150472,138561,140485,135774,140772,142336,136568,132276,129748,127910,129076,127054,125119,121065,115495,114030,109058,107315,102866,102290,98006,96570,94002,89413,86358,82909,80402,80832,78858,71680,70035,67355,66615,64094,61671,57173,52341,52042,47813,46720,44624,39912,38602,34946,32654,31450,26560,27670,25170,23138,21711,20092,18676,16657,15365,14024,12135,11805,9352,8230,6933,5382,4562,3451,2708,2172,1592,1288,750,517,346,225,159,101,60,48,20,12,6,6,6,3,0,0,1,1
Lima,Barranca,1502,2174,2370,2525,2559,2582,2432,2452,2478,2522,2526,2592,2627,2607,2581,2358,2357,2302,2258,2210,2177,2483,2372,2423,2339,2306,2313,2180,2088,2150,2175,2178,2107,2157,1981,2035,2155,2099,2065,1996,1945,2010,1952,1840,1892,1692,1806,1808,1734,1651,1581,1578,1643,1502,1510,1476,1332,1313,1342,1285,1158,1161,1096,1175,1089,1040,980,886,973,905,841,848,777,755,716,654,641,529,598,508,509,492,413,387,319,290,268,226,228,151,139,103,79,92,44,26,28,22,18,12,10,3,4,2,2,0,0,1,0,0,0,0,0,0,0,0,0
Lima,Cajatambo,1503,91,87,89,110,118,116,106,115,110,154,129,152,154,153,140,114,133,86,97,48,67,53,55,64,56,44,60,70,68,59,56,74,73,69,72,68,74,75,99,78,94,85,90,82,96,70,92,100,60,89,78,84,76,68,69,70,83,67,77,50,62,55,67,57,72,59,44,55,51,49,43,64,45,49,42,47,37,41,45,38,34,42,36,32,40,22,29,22,16,9,12,3,4,3,4,4,7,0,0,0,0,1,0,1,0,0,0,0,0,0,0,0,0,0,0,0
Lima,Canta,1504,154,164,178,166,189,175,206,196,182,203,198,213,214,164,171,159,153,153,147,138,130,174,185,176,152,156,153,145,158,155,166,133,166,154,171,193,163,160,150,146,128,145,171,152,128,164,138,136,121,163,133,141,111,137,110,121,130,128,121,108,106,127,119,113,120,85,90,86,101,76,88,80,86,58,58,92,71,75,64,53,52,54,47,34,40,38,26,18,22,8,14,13,11,5,2,3,7,4,2,1,1,1,0,0,0,0,1,0,1,0,0,0,0,0,0,0
Lima,Cañete,1505,4256,4271,4470,4481,4538,4344,4426,4534,4693,4692,4411,4439,4464,4148,4125,3948,3949,3931,4115,3877,4066,3951,4068,3885,3971,3996,3748,3605,3825,3989,3865,3581,3734,3451,3752,3619,3639,3454,3268,3103,3422,3245,3261,3047,2911,2994,2853,2773,2535,2557,2568,2461,2428,2348,2184,2159,1990,2061,2069,1843,1772,1611,1686,1621,1533,1453,1283,1330,1173,1120,1150,1000,976,857,870,822,673,752,669,612,540,570,531,425,409,368,307,313,219,205,187,136,121,79,71,55,27,33,26,12,10,5,5,0,0,4,0,0,0,1,0,0,0,0,0,0
Lima,Huaral,1506,2667,2884,3149,3074,2994,3010,2972,3101,3290,3208,3071,3128,3389,3133,2910,2800,2816,2838,3003,2843,3089,2983,3125,3111,3262,3235,2926,2919,2984,3133,3022,2842,2854,2790,2835,2813,2718,2704,2577,2613,2619,2635,2570,2595,2394,2313,2236,2360,2088,2038,2053,2053,2009,1805,1742,1749,1667,1705,1609,1570,1462,1338,1379,1377,1247,1190,1109,1101,944,980,953,786,850,769,695,717,551,674,590,549,482,435,493,360,354,365,244,262,209,176,151,105,99,75,61,34,36,27,17,11,9,4,1,0,0,1,1,0,0,0,0,0,0,0,0,0
Lima,Huarochirí,1507,802,893,928,966,997,909,888,1042,1039,1002,959,962,1013,994,969,940,918,815,820,754,745,834,993,914,925,965,839,896,936,950,917,830,939,894,901,905,870,821,789,791,843,818,755,766,734,749,702,700,705,713,635,703,634,603,568,533,546,571,520,496,462,462,478,476,427,426,350,425,345,371,382,318,324,297,253,290,228,286,210,224,201,200,162,114,135,145,113,97,70,66,67,40,36,30,19,12,14,12,9,4,3,1,0,3,0,0,0,0,0,0,0,0,0,0,0,0
Lima,Huaura,1508,3652,3882,3883,4088,4044,3750,3816,3939,4053,3858,3718,3817,3694,3591,3604,3474,3251,3456,3642,3620,4029,4260,4146,4068,4080,4108,3636,3420,3618,3775,3577,3413,3431,3307,3501,3457,3292,3262,3066,2982,3207,3071,2991,2858,2775,2838,2739,2671,2567,2514,2505,2427,2336,2272,2218,2131,2094,1999,2035,1816,1761,1600,1743,1677,1547,1481,1408,1434,1323,1255,1226,1135,1104,992,962,936,816,909,739,757,705,607,622,542,497,417,350,369,285,271,205,162,143,95,75,50,51,54,23,14,9,3,4,0,1,1,0,0,0,0,1,0,0,0,0,0
Lima,Oyón,1509,237,280,315,310,314,328,359,320,374,361,327,350,333,296,275,270,255,229,222,186,182,212,222,241,255,290,270,284,324,356,354,326,308,298,341,292,293,278,283,257,252,280,244,219,217,263,200,245,228,199,212,176,191,192,156,147,164,163,175,138,118,131,119,115,112,106,73,90,89,92,75,58,84,62,73,85,57,44,74,59,54,48,44,37,34,28,18,25,14,11,14,4,8,8,2,3,0,1,0,1,1,0,0,0,0,0,0,0,0,0,0,0,0,0,0,0
Lima,Yauyos,1510,229,251,246,281,304,291,303,341,334,338,330,356,383,292,358,327,319,205,202,207,214,234,227,246,230,265,275,243,278,288,288,254,281,311,255,308,303,303,255,270,297,259,307,265,281,255,248,310,250,257,246,281,270,255,221,175,230,268,244,187,183,168,202,200,189,168,165,157,152,143,172,137,144,128,126,152,144,142,130,135,119,107,127,95,110,91,61,54,54,44,35,25,18,25,8,8,6,1,4,0,1,1,0,1,0,0,0,0,0,0,0,0,0,0,0,0
Loreto,Maynas,1601,8473,8866,9563,10086,10580,10323,10365,11118,11774,11013,11215,10704,10812,10731,9742,9000,8289,8527,8220,7050,6766,6636,7669,7399,7732,8105,7135,6962,7095,7295,6912,6833,6870,6997,7116,6922,6560,6182,6124,5887,6423,5906,5920,5475,5238,5208,4885,4999,4791,4933,4705,4571,4651,4111,4146,4123,3847,4215,3719,3659,3281,3349,3239,2948,2842,2743,2504,2519,2241,2067,1968,1784,1741,1573,1370,1407,1277,1291,1044,1047,933,779,861,610,672,507,445,374,243,260,192,144,125,90,60,50,42,30,14,7,8,4,4,3,1,0,0,0,0,0,0,0,0,0,0,0
Loreto,Alto Amazonas,1602,2896,2851,3168,3260,3373,3195,3253,3239,3357,3300,3109,3249,3257,3133,2807,2399,2305,2150,2022,1680,1757,1845,1838,1836,1783,1898,1767,1855,1702,1711,1688,1625,1730,1625,1688,1573,1568,1457,1513,1451,1518,1347,1381,1201,1191,1216,1170,1207,1132,1116,1059,1042,1023,917,914,900,835,859,786,646,709,666,649,560,534,508,515,487,428,419,377,349,340,311,270,268,255,231,172,163,167,140,128,108,109,108,81,58,50,51,34,27,20,20,15,5,9,6,1,1,1,0,0,1,0,1,0,0,0,0,0,0,0,0,0,0
Loreto,Loreto,1603,1484,1624,1708,1808,1838,1859,1836,1961,2070,1944,1887,1830,1793,1685,1525,1304,1197,1149,1007,774,791,757,842,767,821,894,802,872,832,811,794,771,783,736,788,756,677,709,687,600,842,637,686,625,565,621,505,554,506,512,467,494,502,431,420,404,349,426,383,326,309,317,290,239,264,238,221,217,189,192,194,174,138,135,120,148,122,128,96,85,88,76,76,62,56,51,44,36,22,19,19,8,12,7,5,4,4,2,1,1,0,0,0,0,0,0,0,0,0,0,0,0,0,0,0,0
Loreto,Mariscal Ramón Castilla,1604,1163,1177,1284,1390,1398,1439,1509,1513,1578,1575,1514,1478,1519,1222,1130,981,847,791,740,660,635,643,727,643,629,775,644,669,666,658,703,627,687,662,680,618,572,562,476,497,726,517,563,482,478,483,400,434,407,416,370,368,375,361,297,312,266,330,270,264,228,236,206,232,204,185,156,195,135,134,146,100,129,118,97,96,75,109,79,73,54,41,54,31,34,28,13,26,21,11,9,3,4,1,2,4,1,1,0,0,0,1,0,0,0,0,0,0,0,0,0,0,0,0,0,0
Loreto,Requena,1605,1403,1427,1545,1705,1577,1655,1662,1896,1980,1887,1760,1818,1726,1576,1375,1175,1041,942,841,697,701,694,730,716,737,731,711,656,697,696,725,761,665,747,668,715,623,600,587,631,783,645,630,616,598,538,531,521,498,513,487,501,520,365,422,434,402,391,367,384,296,328,328,269,260,275,224,239,232,240,200,189,188,158,127,169,146,131,128,117,97,83,92,68,60,56,31,47,22,24,18,12,10,2,8,3,3,2,3,1,0,0,0,0,0,0,0,0,0,0,0,0,0,0,0,0
Loreto,Ucayali,1606,1279,1229,1340,1449,1562,1576,1555,1511,1806,1690,1631,1778,1623,1578,1383,1227,941,885,774,609,620,621,726,650,702,712,703,690,714,697,691,656,730,655,693,703,686,641,652,531,733,569,620,579,524,522,495,536,501,454,457,490,452,426,420,391,409,390,354,333,289,310,253,247,257,233,196,227,188,171,154,165,145,132,101,130,101,120,75,81,88,70,63,49,56,40,29,28,12,21,9,12,8,9,4,3,1,2,0,0,0,1,0,0,0,1,0,0,0,0,0,1,0,0,0,1
Loreto,Datem del Marañón,1607,1366,1381,1525,1603,1629,1533,1576,1617,1580,1526,1419,1387,1414,1343,1277,1107,1048,1047,871,773,732,694,727,754,721,709,638,678,590,614,629,721,648,630,548,555,497,543,603,545,523,494,549,452,430,440,344,390,349,342,275,299,308,272,256,238,253,233,189,160,148,187,154,136,122,127,94,142,84,102,58,52,68,47,36,54,49,48,29,21,22,20,15,10,13,11,8,11,4,1,7,1,1,0,1,1,1,2,1,0,0,0,0,0,0,0,0,0,0,0,0,0,0,0,0,0
Loreto,Putumayo,1608,180,194,202,189,185,203,199,192,245,241,180,211,193,207,180,141,142,184,156,150,132,156,136,141,141,118,105,110,113,106,104,101,101,96,88,89,94,99,67,70,126,86,91,127,71,69,57,77,71,50,61,67,54,59,48,37,52,51,51,32,31,42,30,23,38,37,26,22,22,25,24,16,20,11,13,18,11,17,10,10,11,5,8,5,4,1,5,6,3,2,1,1,0,1,2,0,0,0,0,0,0,1,0,0,0,0,0,0,0,0,0,0,0,0,0,0
Madre de Dios,Tambopata,1701,2099,2012,2303,2414,2500,2425,2466,2532,2466,2293,2171,2327,2300,2113,1932,1677,1624,1574,1780,1686,1811,1975,2038,2027,2199,2305,2101,2342,2219,2335,2334,2166,2156,2049,1871,1911,1730,1717,1594,1424,1457,1467,1357,1248,1272,1246,1213,1180,1133,1121,1021,1117,1081,955,920,913,806,842,785,715,638,503,559,484,426,420,375,349,294,270,237,213,206,180,173,184,131,163,106,96,95,68,73,63,60,52,44,44,17,22,19,13,7,15,5,6,4,2,6,3,1,1,0,0,0,0,0,0,0,0,0,0,0,0,0,0
Madre de Dios,Manu,1702,348,347,449,443,465,410,452,432,372,405,376,361,380,338,294,255,269,254,260,265,293,288,324,340,370,384,399,365,377,396,369,341,325,324,330,319,318,282,269,247,254,229,247,242,254,249,228,221,204,220,193,182,196,171,126,132,142,143,136,98,77,87,76,78,52,74,58,47,33,33,31,18,22,24,22,17,24,10,7,6,8,7,7,5,6,3,2,2,2,1,3,1,0,1,1,1,0,0,0,1,0,0,0,0,0,0,0,0,0,0,0,0,0,0,0,0
Madre de Dios,Tahuamanu,1703,197,216,218,257,252,259,219,235,239,244,184,179,215,186,165,149,146,141,121,148,138,177,160,175,207,239,174,212,209,220,210,198,185,206,184,180,170,183,160,156,178,143,179,150,132,141,127,156,126,125,124,134,117,118,127,97,89,104,76,78,76,65,75,63,52,50,39,37,38,30,40,20,17,28,23,14,25,20,18,13,10,8,11,1,7,0,7,5,1,7,1,4,3,0,1,2,1,0,0,1,0,0,0,0,0,0,0,0,0,0,0,0,0,0,0,0
Moquegua,Mariscal Nieto,1801,1119,1174,1284,1361,1338,1302,1330,1332,1437,1446,1318,1279,1388,1291,1254,1263,1201,1198,1378,1259,1330,1356,1428,1400,1458,1508,1362,1365,1400,1511,1587,1408,1517,1426,1403,1435,1400,1342,1319,1379,1326,1289,1272,1312,1206,1224,1180,1115,1100,1076,979,1007,1000,929,781,792,766,826,753,620,586,608,685,647,622,509,490,496,477,499,441,390,371,378,295,295,268,248,226,252,195,195,170,155,151,147,128,115,89,64,71,54,54,33,24,18,23,14,13,0,7,4,2,0,0,1,0,0,0,0,0,0,0,0,0,0
Moquegua,General Sánchez Cerro,1802,164,184,197,216,203,198,192,176,225,169,211,218,240,221,197,169,192,137,191,155,127,117,155,164,166,184,180,156,184,212,217,193,224,180,196,189,209,192,221,197,234,210,218,185,192,191,204,183,190,181,186,171,205,211,180,211,191,177,196,202,183,174,166,160,158,151,124,129,142,139,139,131,139,128,100,125,104,109,107,86,88,103,80,63,75,66,48,45,30,34,18,18,10,13,7,11,8,9,2,2,1,1,0,1,1,1,0,0,0,0,0,0,0,0,0,0
Moquegua,Ilo,1803,1016,1037,1218,1253,1260,1141,1195,1229,1347,1332,1232,1319,1188,1162,1243,1197,1212,1116,1178,1144,1205,1173,1174,1098,1124,1145,1015,1084,1053,1222,1183,1103,1169,1118,1180,1178,1251,1237,1271,1205,1202,1192,1106,1048,1119,1107,1069,1023,959,885,880,858,820,801,736,753,653,691,688,654,581,568,610,617,580,551,442,471,466,434,337,320,330,257,248,295,208,234,214,194,184,185,152,131,110,101,73,67,41,41,29,43,20,14,14,8,8,9,4,3,4,0,0,0,0,0,0,0,0,0,0,0,0,0,0,0
Pasco,Pasco,1901,1991,2070,2096,2265,2171,2092,2269,2399,2552,2448,2347,2438,2561,2224,2081,2071,1985,2017,1995,1919,2044,2210,2292,2193,2345,2286,2118,2140,2192,2311,2355,2068,2106,1949,2063,2062,1906,1868,1873,1708,1781,1744,1626,1529,1515,1568,1439,1481,1397,1343,1345,1332,1247,1099,1001,1079,1003,1024,901,859,730,691,743,717,663,627,519,520,466,434,397,350,381,349,312,348,287,292,221,211,194,182,174,137,128,103,81,80,68,52,42,29,17,18,11,13,10,12,3,6,2,0,0,1,0,0,0,0,0,0,1,0,0,0,0,0
Pasco,Daniel Alcides Carrión,1902,492,480,590,645,637,614,674,673,631,602,635,613,751,631,592,620,551,555,667,1249,1286,1190,1093,972,889,879,794,781,725,727,743,699,714,631,602,664,612,572,541,560,558,518,522,516,520,520,512,525,473,530,466,477,437,419,417,407,395,420,358,386,343,294,300,328,323,293,266,273,244,236,212,216,215,174,188,191,173,206,160,131,135,102,122,94,68,78,58,57,23,35,18,12,11,13,4,8,7,8,2,1,1,1,1,0,2,0,0,0,0,0,0,0,0,1,0,0
Pasco,Oxapampa,1903,1631,1685,1850,2014,2000,1991,1955,1995,2021,1996,1886,1837,2001,1891,1710,1629,1557,1368,1289,1177,1241,1324,1337,1437,1385,1373,1242,1404,1250,1478,1439,1380,1288,1424,1302,1282,1176,1242,1183,1171,1125,1077,1063,1034,1054,1082,876,967,877,841,850,865,899,753,694,641,684,697,610,520,489,517,468,470,453,497,416,452,365,367,355,288,328,301,251,291,254,261,226,178,207,165,155,116,123,97,78,47,39,36,40,23,17,6,7,14,8,4,4,2,2,0,1,1,0,1,0,0,0,0,0,0,0,0,0,0
Piura,Piura,2001,13928,14155,15017,16054,16246,15733,15394,16112,16418,15624,14689,15084,15544,15552,13731,13820,12756,13782,14627,13231,14542,13932,13793,13459,14416,13947,12692,12431,12432,12947,12519,11587,12538,11365,11021,11522,11603,11281,11315,10841,10362,10159,10137,9779,9550,9385,9060,8979,8182,8330,8165,8313,7915,7553,7539,7177,7197,7069,6836,6459,6186,5524,5662,5161,4797,3735,3572,3969,3210,3216,3287,3159,3176,2684,2521,2461,2122,2111,1909,1585,1699,1658,1583,1419,1185,1086,850,842,684,621,509,321,239,150,155,116,113,72,50,41,27,15,8,1,0,1,1,0,0,1,1,0,0,0,0,0
Piura,Ayabaca,2002,2228,2320,2486,2831,2791,2823,2938,3035,3021,2971,3036,3198,3115,3106,3029,2716,2694,2123,1711,1386,1341,1334,1398,1436,1406,1365,1385,1379,1298,1484,1390,1410,1444,1345,1424,1431,1346,1320,1439,1356,1521,1309,1385,1332,1288,1276,1277,1217,1096,1119,1119,1142,1101,1050,1040,1001,1010,986,924,822,856,851,890,767,739,671,694,719,584,573,565,553,584,509,473,526,420,495,381,367,364,344,318,266,224,221,180,196,134,123,74,65,61,53,28,37,25,22,10,4,9,4,2,1,0,0,1,0,0,0,0,0,0,0,0,0
Piura,Huancabamba,2003,2006,2127,2233,2409,2516,2441,2543,2690,2791,2625,2743,2749,2427,2729,2545,2427,2336,2026,1644,1395,1375,1448,1513,1335,1440,1325,1341,1345,1271,1430,1413,1396,1400,1411,1423,1394,1261,1154,1383,1378,1291,1300,1283,1294,1233,1218,1229,1127,1013,1105,1094,1063,1132,1023,998,969,930,975,942,852,890,822,816,736,725,669,664,662,523,555,611,582,591,463,456,476,413,484,417,273,328,330,354,312,212,197,182,212,132,111,80,64,70,47,27,28,15,23,11,12,5,2,4,3,2,0,0,1,0,0,0,0,0,0,0,0
Piura,Morropón,2004,2764,2865,3043,3310,3244,3061,3230,3233,3573,3341,3118,3024,3115,3147,3010,3057,2836,2619,2287,1906,2202,2116,2194,2178,2376,2200,2150,2207,2041,2294,2136,2088,2226,2040,1921,2029,1973,1977,2171,2064,1976,2130,1969,1977,1944,1926,1846,2064,1724,1937,1811,1892,1789,1665,1581,1609,1612,1644,1559,1443,1497,1345,1342,1255,1325,1038,913,1007,850,902,934,939,921,781,781,697,652,631,641,507,578,535,496,455,438,340,310,302,237,215,158,129,115,75,52,56,24,26,24,17,3,8,5,3,2,1,1,0,0,0,0,0,0,0,0,0
Piura,Paita,2005,2544,2693,2831,3040,3020,2801,2797,3068,2971,2682,2610,2519,2767,2659,2299,2254,2057,1938,2169,1921,2199,1994,2167,2170,2247,2304,2149,2077,2119,2079,1999,1891,2106,1856,1876,1838,1846,1846,1898,1731,1702,1724,1620,1653,1592,1392,1438,1492,1304,1291,1298,1253,1151,1101,1074,1031,1018,939,954,878,890,810,780,701,679,617,525,531,477,501,472,441,454,413,377,319,333,286,244,252,222,236,229,176,179,169,107,114,92,84,63,47,30,26,19,24,9,8,9,3,2,1,2,0,1,1,0,0,0,0,0,0,0,0,0,0
Piura,Sullana,2006,5244,5028,5412,6210,6076,5910,6036,6310,6429,6061,5701,5962,6424,6013,5188,5461,5031,4727,5205,4814,5243,5060,4830,4897,5289,5308,4886,4621,4562,4634,4586,4143,4801,4230,4283,4387,4532,4512,4424,4318,4300,4409,4368,4187,4006,3903,3601,3765,3444,3471,3254,3323,3202,2995,3041,2916,2889,2891,2771,2685,2542,2300,2347,2002,2013,1685,1603,1622,1411,1412,1394,1277,1277,1175,1059,1049,952,873,769,661,681,664,687,568,513,486,350,354,353,282,231,151,113,87,58,68,55,35,30,16,17,7,8,4,0,0,1,1,2,0,0,0,0,0,0,0
Piura,Talara,2007,2413,2443,2523,2876,2796,2929,2766,2943,3007,2850,2648,2633,2811,2694,2278,2180,2015,1983,2070,1889,2113,2191,2299,2334,2388,2322,2088,2103,2207,2423,2354,2416,2378,2171,2128,2222,2289,2100,2079,1962,1937,1923,1876,1666,1637,1557,1583,1615,1492,1535,1550,1503,1549,1492,1456,1471,1426,1460,1513,1472,1443,1392,1278,1204,1079,906,828,872,705,701,616,538,566,492,428,400,364,318,311,250,248,264,267,230,222,205,174,143,142,136,110,77,44,38,35,26,23,21,9,5,8,1,3,1,0,0,0,0,0,0,0,0,0,0,0,0
Piura,Sechura,2008,1887,1904,2050,2098,2119,2111,1956,1972,2006,1910,1679,1838,1890,1708,1566,1435,1351,1275,1274,1138,1192,1280,1301,1338,1417,1372,1273,1276,1288,1346,1339,1180,1340,1167,1044,1031,1076,1089,1015,977,903,950,865,874,771,746,764,730,705,700,714,664,595,553,578,542,549,549,524,461,494,412,433,385,368,284,240,297,207,224,201,239,232,209,174,181,169,119,119,85,94,107,112,85,77,65,63,61,56,46,32,20,12,11,4,6,3,2,1,1,2,0,0,0,0,0,0,0,0,0,0,0,0,0,0,0
Puno,Puno,2101,2862,2936,3141,3296,3336,3037,3323,3550,3498,3507,3496,3693,3517,3618,3852,3661,3888,3846,3860,3832,3840,3894,3968,3998,3847,3737,3445,3403,3412,3537,3485,3056,3180,3034,3201,3387,3063,3182,2981,3046,3094,3019,2888,2965,2768,2753,2571,2519,2365,2482,2422,2379,2385,2425,2221,1982,1971,2106,2014,1839,1646,1792,1882,1778,1668,1613,1547,1607,1480,1468,1288,1211,1305,1106,1052,956,713,846,803,781,666,686,642,604,479,462,357,359,198,209,152,122,91,79,70,41,34,35,15,16,5,1,8,1,3,1,2,0,0,0,0,0,1,0,0,0
Puno,Azángaro,2102,1652,1669,1802,1915,2032,1845,1897,2088,2067,1933,2106,2218,2236,2295,2392,2353,2235,2285,2173,1995,1821,1933,1837,1787,1672,1675,1435,1487,1524,1510,1488,1377,1324,1177,1344,1281,1163,1271,1307,1242,1324,1236,1288,1345,1304,1235,1245,1226,1156,1144,1086,1220,1124,1185,1050,1018,906,1027,1087,918,750,884,898,837,871,747,714,742,679,673,730,782,756,611,624,599,432,471,407,425,356,338,358,351,263,233,234,186,121,105,60,44,28,33,14,15,22,12,8,4,0,0,1,0,4,1,0,0,1,0,0,0,1,0,0,0
Puno,Carabaya,2103,1071,1209,1318,1329,1485,1270,1428,1497,1536,1546,1514,1573,1551,1546,1520,1438,1471,1399,1340,1258,1248,1232,1298,1256,1232,1178,1259,1191,1321,1266,1331,1261,1170,1171,1156,1184,1085,1112,1057,1147,1020,1135,994,892,886,830,859,867,723,731,700,769,688,724,588,532,477,557,483,376,375,361,379,411,359,350,320,303,286,269,256,246,194,214,204,199,171,177,127,116,120,99,90,98,47,49,45,51,24,19,18,11,14,10,5,9,5,2,2,0,0,0,0,1,1,0,0,0,0,0,0,0,0,0,0,0
Puno,Chucuito,2104,1028,1084,1205,1260,1395,1192,1344,1330,1356,1417,1439,1599,1520,1512,1576,1507,1495,1549,1517,1459,1435,1333,1473,1425,1294,1357,1215,1251,1287,1284,1401,1153,1323,1144,1361,1369,1187,1341,1243,1196,1256,1208,1260,1202,1105,1105,984,1126,966,946,985,1081,1053,998,911,862,759,877,851,819,767,849,851,792,842,798,687,688,680,615,608,561,589,523,504,448,369,366,350,378,383,338,304,247,184,209,166,184,74,99,70,51,49,46,33,21,20,19,9,7,4,1,4,2,0,0,2,1,0,0,0,0,0,0,0,0
Puno,El Collao,2105,665,762,776,806,871,803,887,875,898,870,905,1034,1042,1115,1166,1084,1171,1144,1068,1091,986,1054,1033,1001,911,951,770,812,856,898,898,791,910,813,919,922,913,925,873,838,913,846,893,911,753,855,740,793,686,731,828,816,797,669,710,707,589,689,756,642,500,581,642,608,641,553,525,519,596,501,504,466,450,474,387,407,332,328,278,300,243,224,265,148,159,129,136,153,63,69,38,45,47,45,21,21,16,11,8,2,3,0,1,3,1,1,0,2,0,0,0,0,1,0,0,0
Puno,Huancané,2106,645,719,780,772,868,815,831,834,792,860,897,887,972,953,1050,1044,1011,965,909,910,847,849,815,851,740,787,697,637,659,688,761,657,622,547,654,649,606,654,642,603,648,597,615,664,675,678,654,656,660,697,675,715,680,729,704,658,670,698,657,655,539,613,662,598,630,515,500,578,628,520,566,583,498,503,498,469,402,395,389,346,263,287,304,273,232,198,180,152,125,91,67,50,44,21,25,14,12,5,4,3,1,0,2,0,0,1,1,0,0,0,0,0,0,0,0,0
Puno,Lampa,2107,558,670,727,719,729,682,661,710,691,666,635,680,680,721,664,674,715,738,687,634,651,687,741,739,650,700,639,619,628,668,649,600,575,510,595,559,543,612,508,530,538,496,490,499,449,479,504,476,411,474,412,437,424,420,430,352,381,425,396,365,304,329,354,333,316,308,243,275,274,238,256,230,250,224,193,181,146,190,159,145,136,127,133,92,105,101,73,65,38,36,23,15,18,14,7,7,5,5,3,0,1,0,1,0,0,0,0,1,0,0,0,0,0,0,0,0
Puno,Melgar,2108,917,976,1030,1021,1073,1000,1192,1182,1216,1185,1256,1417,1424,1480,1580,1470,1450,1402,1285,1118,1052,1130,1028,1075,927,939,899,923,933,979,982,911,951,863,945,931,938,885,900,904,927,834,843,911,907,760,814,747,701,760,720,791,713,693,663,565,570,590,586,537,466,441,519,422,428,435,429,413,357,350,396,345,304,331,294,331,271,277,240,230,187,188,187,166,162,130,106,71,64,52,36,28,17,16,19,4,10,2,3,2,2,0,1,2,2,1,0,0,0,0,0,0,0,0,0,0
Puno,Moho,2109,167,188,203,227,244,232,250,271,275,286,324,330,313,357,342,348,324,341,277,273,234,247,244,215,205,219,187,154,178,202,187,177,152,199,188,157,180,204,179,217,207,230,219,227,227,242,234,225,221,210,225,285,262,287,227,228,196,249,269,258,251,275,293,258,260,176,225,238,248,224,242,227,227,212,219,195,182,189,149,155,134,135,130,130,91,90,100,91,50,35,28,8,16,8,10,4,8,7,4,2,2,0,0,0,0,0,0,0,0,0,0,0,0,0,0,0
Puno,San Antonio de Putina,2110,412,464,560,599,595,580,548,565,566,560,531,558,563,578,585,514,514,549,557,649,661,681,737,764,737,742,764,731,742,818,757,718,664,608,634,632,573,567,586,600,520,533,547,520,494,488,496,446,460,385,411,416,394,398,323,269,279,292,268,243,164,201,212,180,184,150,123,166,138,127,164,123,132,97,113,117,92,74,94,63,63,57,61,44,40,41,30,35,23,14,10,5,9,9,3,4,1,2,1,1,1,0,0,0,0,0,0,0,0,0,0,0,0,0,0,0
Puno,San Román,2111,4867,4961,5353,5591,5834,5497,5579,6016,5870,5766,5402,5606,5419,5510,5409,5066,5229,5684,5956,5823,6026,6123,6463,6472,6146,6182,5758,5711,5803,6245,6121,5541,5524,4964,5498,5113,4974,4936,4795,4407,4506,4353,4183,4277,3957,3748,3592,3403,3082,3251,2828,2856,2685,2675,2522,2224,2084,2239,2125,1743,1551,1658,1613,1484,1357,1277,1124,1114,1034,881,902,772,769,684,607,571,415,457,411,382,338,371,327,323,263,262,204,182,113,90,83,71,38,27,23,24,16,6,10,3,2,1,0,3,1,0,0,0,0,0,0,0,0,0,0,0
Puno,Sandia,2112,712,774,852,830,909,810,882,845,862,850,921,992,954,891,884,834,891,848,855,768,800,880,842,902,885,895,883,755,837,867,872,775,762,734,727,745,682,700,727,710,721,710,660,700,637,626,656,628,576,606,588,632,595,593,535,515,498,565,486,369,354,373,371,367,336,273,259,263,251,240,210,220,201,218,228,188,168,154,135,108,125,94,116,90,77,59,54,49,32,17,21,15,5,7,4,5,8,6,0,0,1,0,0,0,0,0,0,0,0,0,0,0,0,0,0,0
Puno,Yunguyo,2113,351,468,435,456,501,456,460,461,501,501,584,555,634,646,597,637,610,607,617,561,541,499,490,480,473,500,415,450,456,452,523,401,503,393,553,500,477,490,492,428,476,489,468,441,427,486,439,487,448,443,483,432,468,403,411,415,327,396,489,410,366,391,440,417,437,450,369,382,361,376,367,335,338,270,285,263,224,236,182,183,146,190,160,131,111,118,101,85,37,35,34,28,32,17,15,11,7,5,5,2,3,0,0,1,0,1,0,0,0,0,0,0,0,0,0,0
San Martín,Moyobamba,2201,2211,2358,2363,2461,2668,2685,2624,2766,2788,2662,2604,2634,2750,2551,2309,2292,2276,2200,2127,1978,1930,2069,1973,1961,1988,2034,1933,1925,1955,2007,1936,1796,1960,1831,1838,1892,1697,1652,1842,1723,1597,1699,1596,1477,1487,1417,1332,1348,1238,1154,1233,1174,1073,1070,1030,1014,889,909,873,747,745,694,694,619,592,571,503,551,436,472,455,408,408,357,305,320,302,294,260,236,203,193,222,137,143,124,101,88,57,64,42,37,29,19,22,19,14,10,4,3,0,3,2,0,0,0,0,1,0,0,0,0,0,0,0,0
San Martín,Bellavista,2202,1102,1117,1141,1213,1388,1326,1263,1416,1409,1274,1254,1364,1402,1082,1091,1001,965,821,760,713,691,715,823,729,828,876,803,819,817,869,860,826,876,851,873,842,807,734,804,758,759,717,717,682,640,627,588,606,587,597,549,542,568,536,476,475,442,450,382,343,313,317,292,278,245,240,198,218,168,175,193,159,178,127,129,154,138,132,89,87,98,83,74,61,78,41,31,41,22,21,11,10,12,9,7,6,2,3,2,2,3,0,0,0,0,0,0,0,0,0,0,0,0,0,0,0
San Martín,El Dorado,2203,714,800,786,841,934,864,862,1044,940,928,823,891,950,886,705,635,702,605,537,479,435,494,511,544,494,527,486,579,559,563,577,549,538,589,568,537,523,471,511,510,514,491,444,401,371,400,380,386,361,369,319,321,361,300,312,280,289,300,277,225,205,239,180,195,186,168,157,154,140,130,150,106,112,75,89,95,87,107,55,74,63,64,71,54,43,41,20,28,14,16,6,6,4,6,2,8,3,5,0,0,0,0,2,0,0,0,0,0,0,0,0,0,0,0,0,0
San Martín,Huallaga,2204,477,500,513,539,690,610,599,613,611,563,570,604,662,646,532,485,437,385,351,286,310,352,371,372,413,433,411,415,387,406,409,412,446,432,396,407,381,380,414,366,353,362,338,326,331,318,342,323,311,333,303,306,305,255,301,280,268,226,227,219,211,181,186,155,167,130,140,127,118,117,123,96,75,81,73,97,91,83,86,65,68,54,49,45,47,38,41,30,18,17,22,9,16,7,9,9,6,3,1,0,0,1,1,0,0,0,0,0,0,0,0,0,0,0,0,0
San Martín,Lamas,2205,1517,1509,1637,1725,1843,1852,1880,2070,1942,1868,1874,1848,1855,1778,1559,1401,1424,1295,1198,978,1032,1074,1162,1162,1135,1271,1250,1205,1168,1251,1172,1154,1279,1204,1152,1122,1159,1094,1094,1064,1027,1079,964,978,986,915,914,899,860,864,828,847,796,731,787,706,705,646,646,589,521,582,539,514,484,428,414,410,346,365,330,332,348,274,251,251,244,220,205,184,165,166,152,121,134,112,84,71,47,59,31,24,24,11,14,8,14,8,3,2,1,2,2,0,0,0,0,0,0,0,0,0,0,0,0,0
San Martín,Mariscal Cáceres,2206,1269,1327,1346,1331,1488,1567,1473,1434,1536,1424,1417,1442,1502,1403,1307,1146,1073,981,961,750,851,880,906,951,1068,1080,1007,1056,1014,1008,999,1026,957,970,961,965,880,889,971,865,912,841,839,796,775,729,697,774,640,748,696,678,664,621,624,570,540,539,482,395,454,423,401,323,325,277,261,258,212,227,221,203,196,161,181,145,128,178,122,108,100,112,90,57,75,56,54,65,35,31,26,17,12,19,7,11,1,5,5,1,1,0,0,0,0,0,0,0,0,1,0,0,0,0,0,0
San Martín,Picota,2207,810,776,852,852,977,922,927,1061,912,866,837,941,887,932,773,710,749,668,513,488,483,504,604,529,618,628,624,580,592,618,578,559,597,548,613,509,552,563,616,565,539,537,523,516,488,464,474,478,446,446,457,438,400,391,406,316,388,326,337,266,230,279,262,244,232,188,208,215,155,159,155,154,140,137,117,128,110,121,95,84,75,80,53,51,62,47,34,39,23,24,17,17,7,11,5,3,7,4,1,2,1,0,0,0,0,0,0,0,0,0,0,0,0,0,0,0
San Martín,Rioja,2208,2414,2491,2558,2683,3058,2740,2720,2990,2942,2692,2722,2945,2760,2606,2489,2407,2440,2294,2209,1944,1975,1945,1928,1934,1956,1871,1693,1813,1787,1916,1935,1768,1862,1849,1812,1821,1719,1680,1736,1761,1583,1619,1618,1544,1348,1402,1319,1297,1184,1189,1111,1118,1121,1030,1041,929,915,844,788,683,726,647,699,577,558,540,464,537,360,413,352,376,426,336,326,304,270,269,245,219,195,153,152,134,151,91,81,74,67,64,45,24,27,19,20,22,9,11,4,2,0,1,3,1,0,0,0,0,1,0,0,0,0,1,0,0
San Martín,San Martín,2209,3315,3200,3359,3493,3759,3646,3472,3736,3723,3603,3345,3532,3521,3327,3263,3071,3009,3301,3375,3322,3366,3486,3765,3680,3518,3705,3434,3471,3334,3129,3174,3046,3065,2949,2971,2917,2805,2590,2727,2585,2679,2579,2469,2319,2224,2252,2296,2340,2278,2172,2270,2093,2124,1884,1956,1699,1791,1697,1698,1424,1276,1304,1191,1174,1151,1033,946,919,836,787,788,695,635,548,533,529,477,484,420,387,379,339,345,240,247,171,167,166,131,114,85,74,53,35,30,22,18,16,9,2,2,2,0,0,0,0,1,0,1,0,0,0,0,0,0,0
San Martín,Tocache,2210,1260,1311,1344,1461,1536,1438,1479,1534,1496,1369,1427,1425,1585,1355,1304,1227,1138,1163,1021,956,1062,1189,1122,1126,1155,1255,1159,1140,1116,1188,1251,1098,1130,1015,1069,1012,935,959,901,877,853,847,879,872,784,789,786,813,809,834,798,825,799,763,715,690,609,659,601,507,444,450,431,398,343,328,259,297,258,265,241,185,199,172,155,164,135,138,99,78,78,75,64,48,41,41,33,41,33,25,12,6,14,5,4,8,1,1,4,0,0,0,0,0,0,0,0,1,0,0,0,0,0,0,0,0
Tacna,Tacna,2301,4064,4272,4558,4608,4896,4642,4781,4932,5069,4948,4976,4945,5001,4835,4807,4869,4983,5021,5446,5168,5289,5306,5561,5579,5568,5597,5159,5019,5350,5752,5597,4862,5206,4748,5262,5265,5126,5140,4982,4851,4762,4629,4592,4543,4346,4346,4092,4024,3785,3808,3704,3592,3239,3206,3006,2836,2615,2621,2690,2292,2112,2178,2176,2059,1972,1809,1595,1536,1555,1428,1239,1214,1110,1034,914,905,687,728,635,613,528,517,471,405,359,368,246,251,193,144,128,87,97,78,67,48,36,18,21,11,10,2,4,1,2,2,2,0,0,0,0,0,0,0,0,0
Tacna,Candarave,2302,61,58,69,85,72,79,71,82,84,87,73,92,97,88,86,73,87,71,61,64,65,58,64,83,79,75,82,82,68,74,85,95,86,102,87,84,99,87,79,88,93,90,88,111,87,84,88,88,79,96,79,75,102,81,79,72,56,98,68,67,68,64,78,73,68,49,47,66,53,55,55,39,45,56,43,42,27,38,33,23,24,29,28,22,14,17,20,19,13,10,11,10,3,7,2,2,0,3,2,0,1,0,0,0,0,0,0,0,0,0,0,0,0,0,0,0
Tacna,Jorge Basadre,2303,118,145,158,161,166,157,149,158,167,167,158,157,154,150,126,140,118,106,201,219,220,149,151,127,177,186,167,167,192,195,225,241,232,203,214,202,245,233,235,203,189,199,177,195,150,158,166,137,129,151,116,129,103,126,96,106,81,108,88,87,86,73,99,72,74,52,63,50,53,50,33,32,28,29,26,21,24,14,19,14,19,18,14,6,16,12,9,8,2,7,5,3,2,2,3,0,2,1,1,0,0,0,0,0,0,0,0,0,0,0,0,0,1,0,0,0
Tacna,Tarata,2304,69,61,60,71,72,67,69,71,86,56,89,69,72,66,87,83,61,77,119,148,120,93,63,94,87,77,69,80,84,79,100,86,82,89,86,85,64,95,95,90,76,89,98,78,70,79,63,81,80,91,77,75,89,83,82,68,69,82,73,61,64,79,69,59,65,58,48,57,52,46,51,40,45,48,42,30,34,36,37,33,41,36,25,38,27,27,15,10,12,4,11,5,1,2,1,2,2,4,1,1,1,0,0,0,0,0,0,0,0,0,0,0,0,0,0,0
Tumbes,Tumbes,2401,2590,2711,2855,3115,2938,3095,3080,3145,3152,3124,2891,2921,2838,2872,2643,2534,2449,2359,2575,2208,2466,2361,2376,2484,2711,2597,2287,2283,2354,2440,2425,2182,2540,2492,2346,2412,2213,2293,2358,2112,2146,1996,2078,2040,2047,1994,1862,1928,1809,1704,1703,1709,1669,1592,1582,1447,1412,1469,1487,1299,1292,1205,1090,974,939,852,790,740,641,663,600,590,523,505,430,417,411,334,338,314,321,270,283,251,230,215,184,151,129,114,70,70,57,41,32,31,19,14,7,8,5,2,5,3,0,1,0,1,0,0,0,0,0,0,0,0
Tumbes,Contralmirante Villar,2402,334,398,444,469,438,411,403,445,454,401,344,380,436,393,347,341,324,331,332,285,303,313,336,350,367,362,293,333,324,341,352,316,327,300,315,321,321,309,310,299,297,298,244,274,241,257,256,258,241,218,215,216,216,195,227,214,205,197,194,163,168,166,136,135,130,98,110,98,103,104,90,69,80,62,71,71,40,52,46,43,52,43,30,40,31,33,20,19,21,12,12,15,13,3,6,4,1,1,0,1,0,0,0,0,0,0,0,0,0,0,0,0,0,0,0,0
Tumbes,Zarumilla,2403,1008,1008,1121,1157,1109,1089,1109,1128,1120,1112,1022,991,1026,980,869,846,817,753,780,738,774,715,833,826,912,896,849,769,794,786,801,745,809,759,679,768,719,695,743,657,617,643,632,587,583,536,542,538,472,494,508,480,453,409,415,378,407,389,367,332,310,288,263,249,245,186,182,213,168,153,146,105,154,85,121,90,103,81,59,73,55,58,55,49,44,39,28,28,32,17,17,12,8,11,7,5,6,1,0,2,0,0,1,0,0,0,0,1,0,0,0,0,0,0,0,0
Ucayali,Coronel Portillo,2501,7713,7807,8342,8616,9184,8717,8805,8619,9506,9429,8419,8279,8242,8113,7494,6468,6258,6350,6165,5570,6055,6573,6526,6596,6530,6849,6178,5920,6257,6154,6117,5734,5757,5680,5697,5614,5329,5240,5281,4654,4968,4782,4733,4240,4135,4130,3827,3984,3859,3772,3738,3670,3642,3181,3210,3094,2976,3063,2795,2571,2453,2447,2359,2093,2000,1863,1722,1798,1549,1487,1358,1187,1113,913,865,909,792,807,668,610,562,497,506,374,341,298,243,256,137,179,145,94,96,67,43,48,24,23,13,10,5,2,3,1,0,1,0,0,0,0,0,0,0,0,0,0
Ucayali,Atalaya,2502,1359,1404,1601,1552,1613,1522,1522,1534,1573,1522,1430,1408,1238,1250,1099,972,878,903,838,714,746,794,797,764,756,788,690,859,727,729,703,733,680,564,607,596,477,555,642,488,509,528,561,487,469,480,377,474,369,349,307,354,327,272,292,292,250,325,232,219,213,158,186,169,147,161,120,126,85,104,91,74,66,61,46,54,51,54,35,35,31,32,28,15,15,11,7,11,9,2,4,7,2,2,4,1,2,3,1,1,0,0,0,0,0,0,0,0,0,0,0,0,0,0,0,0
Ucayali,Padre Abad,2503,1274,1277,1388,1489,1495,1437,1471,1453,1558,1508,1430,1474,1415,1262,1292,1128,984,994,931,881,892,1013,1013,952,1031,1048,972,970,898,954,1021,937,972,897,871,891,801,759,834,742,779,735,740,692,686,711,549,691,653,603,653,655,635,484,518,475,457,496,409,365,300,298,260,250,237,210,171,181,176,138,133,111,106,111,89,94,72,89,73,53,57,49,54,35,30,14,25,22,15,13,6,6,5,9,6,4,1,3,0,1,2,1,1,0,0,1,0,0,0,0,0,0,0,0,0,0
Ucayali,Purús,2504,47,62,87,78,96,104,71,83,79,59,82,78,92,68,65,54,43,43,42,37,38,38,39,36,35,53,47,47,46,31,28,42,44,34,29,30,27,39,84,34,43,31,47,40,26,37,29,26,23,19,22,27,24,22,22,22,17,21,18,15,8,9,16,10,13,15,3,7,10,12,4,8,7,3,5,5,2,8,1,3,0,2,3,1,0,1,0,1,1,0,0,0,0,0,0,0,0,0,0,0,0,0,0,0,0,0,0,0,0,0,0,0,0,0,0,0
